PassengerId,Survived,Pclass,Age,SibSp,Parch,Fare,Sex_female,Sex_male,Embarked_C,Embarked_Q,Embarked_S,Ticket_final,Cabin_combined
1,0.0,3,22.0,1,0,7.25,0,1,0,0,1,211711.0,0
2,1.0,1,38.0,1,0,71.2833,1,0,1,0,0,175992.0,3085
3,1.0,3,26.0,0,0,7.925,1,0,0,0,1,31012823.0,0
4,1.0,1,35.0,1,0,53.1,1,0,0,0,1,1138034.0,30123
5,0.0,3,35.0,0,0,8.05,0,1,0,0,1,3734504.0,0
6,0.0,3,29.0,0,0,8.4583,0,1,0,1,0,3308774.0,0
7,0.0,1,54.0,0,0,51.8625,0,1,0,0,1,174634.0,5046
8,0.0,3,2.0,3,1,21.075,0,1,0,0,1,3499094.0,0
9,1.0,3,27.0,0,2,11.1333,1,0,0,0,1,3477424.0,0
10,1.0,2,14.0,1,0,30.0708,1,0,1,0,0,2377364.0,0
11,1.0,3,4.0,1,1,16.7,1,0,0,0,1,95495.0,706
12,1.0,1,58.0,0,0,26.55,1,0,0,0,1,1137834.0,30103
13,0.0,3,20.0,0,0,8.05,0,1,0,0,1,21516.0,0
14,0.0,3,39.0,1,5,31.275,0,1,0,0,1,3470824.0,0
15,0.0,3,14.0,0,0,7.8542,1,0,0,0,1,3504064.0,0
16,1.0,2,55.0,0,0,16.0,1,0,0,0,1,2487064.0,0
17,0.0,3,2.0,4,1,29.125,0,1,0,1,0,3826524.0,0
18,1.0,2,29.0,0,0,13.0,0,1,0,0,1,2443734.0,0
19,0.0,3,31.0,1,0,18.0,1,0,0,0,1,3457634.0,0
20,1.0,3,29.0,0,0,7.225,1,0,1,0,0,26494.0,0
21,0.0,2,35.0,0,0,26.0,0,1,0,0,1,2398654.0,0
22,1.0,2,34.0,0,0,13.0,0,1,0,0,1,2486984.0,4056
23,1.0,3,15.0,0,0,8.0292,1,0,0,1,0,3309234.0,0
24,1.0,1,28.0,0,0,35.5,0,1,0,0,1,1137884.0,106
25,0.0,3,8.0,3,1,21.075,1,0,0,0,1,3499094.0,0
26,1.0,3,38.0,1,5,31.3875,1,0,0,0,1,3470774.0,0
27,0.0,3,29.0,0,0,7.225,0,1,1,0,0,26314.0,0
28,0.0,1,19.0,3,2,263.0,0,1,0,0,1,199504.0,3023
29,1.0,3,29.0,0,0,7.8792,1,0,0,1,0,3309594.0,0
30,0.0,3,29.0,0,0,7.8958,0,1,0,0,1,3492164.0,0
31,0.0,1,40.0,0,0,27.7208,0,1,1,0,0,176012.0,0
32,1.0,1,29.0,1,0,146.5208,1,0,1,0,0,175692.0,2078
33,1.0,3,29.0,0,0,7.75,1,0,0,1,0,3356774.0,0
34,0.0,2,66.0,0,0,10.5,0,1,0,0,1,245797.0,0
35,0.0,1,28.0,1,0,82.1708,0,1,1,0,0,176042.0,0
36,0.0,1,42.0,1,0,52.0,0,1,0,0,1,1137894.0,0
37,1.0,3,29.0,0,0,7.2292,0,1,1,0,0,26774.0,0
38,0.0,3,21.0,0,0,8.05,0,1,0,0,1,21528.0,0
39,0.0,3,18.0,2,0,18.0,1,0,0,0,1,3457644.0,0
40,1.0,3,14.0,1,0,11.2417,1,0,1,0,0,26514.0,0
41,0.0,3,40.0,1,0,9.475,1,0,0,0,1,75464.0,0
42,0.0,2,27.0,1,0,21.0,1,0,0,0,1,116684.0,0
43,0.0,3,29.0,0,0,7.8958,0,1,1,0,0,3492534.0,0
44,1.0,2,3.0,1,2,41.5792,1,0,1,0,0,21239.0,0
45,1.0,3,19.0,0,0,7.8792,1,0,0,1,0,3309584.0,0
46,0.0,3,29.0,0,0,8.05,0,1,0,0,1,2356710.0,0
47,0.0,3,29.0,1,0,15.5,0,1,0,1,0,3703714.0,0
48,1.0,3,29.0,0,0,7.75,1,0,0,1,0,143114.0,0
49,0.0,3,29.0,2,0,21.6792,0,1,1,0,0,26624.0,0
50,0.0,3,18.0,1,0,17.8,1,0,0,0,1,3492374.0,0
51,0.0,3,7.0,4,1,39.6875,0,1,0,0,1,31012954.0,0
52,0.0,3,21.0,0,0,7.8,0,1,0,0,1,3988611.0,0
53,1.0,1,49.0,1,0,76.7292,1,0,1,0,0,175722.0,4033
54,1.0,2,29.0,1,0,26.0,1,0,0,0,1,29264.0,0
55,0.0,1,65.0,0,1,61.9792,0,1,1,0,0,1135094.0,2030
56,1.0,1,29.0,0,0,35.5,0,1,0,0,1,199474.0,3052
57,1.0,2,21.0,0,0,10.5,1,0,0,0,1,310267.0,0
58,0.0,3,28.5,0,0,7.2292,0,1,1,0,0,26974.0,0
59,1.0,2,5.0,1,2,27.75,1,0,0,0,1,346517.0,0
60,0.0,3,11.0,5,2,46.9,0,1,0,0,1,214412.0,0
61,0.0,3,22.0,0,0,7.2292,0,1,1,0,0,26694.0,0
62,1.0,1,38.0,0,0,80.0,1,0,0,0,1,1135724.0,2028
63,0.0,1,45.0,1,0,83.475,0,1,0,0,1,369734.0,3083
64,0.0,3,4.0,3,2,27.9,0,1,0,0,1,3470884.0,0
65,0.0,1,29.0,0,0,27.7208,0,1,1,0,0,176052.0,0
66,1.0,3,29.0,1,1,15.2458,0,1,1,0,0,26614.0,0
67,1.0,2,29.0,0,0,10.5,1,0,0,0,1,293957.0,6033
68,0.0,3,19.0,0,0,8.1583,0,1,0,0,1,346413.0,0
69,1.0,3,17.0,4,2,7.925,1,0,0,0,1,31012814.0,0
70,0.0,3,26.0,2,0,8.6625,0,1,0,0,1,3151514.0,0
71,0.0,2,32.0,0,0,10.5,0,1,0,0,1,331117.0,0
72,0.0,3,16.0,5,2,46.9,1,0,0,0,1,214412.0,0
73,0.0,2,21.0,0,0,73.5,0,1,0,0,1,1487914.0,0
74,0.0,3,26.0,1,0,14.4542,0,1,1,0,0,26804.0,0
75,1.0,3,32.0,0,0,56.4958,0,1,0,0,1,16014.0,0
76,0.0,3,25.0,0,0,7.65,0,1,0,0,1,3481234.0,6073
77,0.0,3,29.0,0,0,7.8958,0,1,0,0,1,3492084.0,0
78,0.0,3,29.0,0,0,8.05,0,1,0,0,1,3747464.0,0
79,1.0,2,0.83,0,2,29.0,0,1,0,0,1,2487384.0,0
80,1.0,3,30.0,0,0,12.475,1,0,0,0,1,3645164.0,0
81,0.0,3,22.0,0,0,9.0,0,1,0,0,1,3457674.0,0
82,1.0,3,29.0,0,0,9.5,0,1,0,0,1,3457794.0,0
83,1.0,3,29.0,0,0,7.7875,1,0,0,1,0,3309324.0,0
84,0.0,1,28.0,0,0,47.1,0,1,0,0,1,1130594.0,0
85,1.0,2,17.0,0,0,10.5,1,0,0,0,1,1488515.0,0
86,1.0,3,33.0,3,0,15.85,1,0,0,0,1,31012784.0,0
87,0.0,3,16.0,1,3,34.375,0,1,0,0,1,660816.0,0
88,0.0,3,29.0,0,0,8.05,0,1,0,0,1,39208617.0,0
89,1.0,1,23.0,3,2,263.0,1,0,0,0,1,199504.0,3023
90,0.0,3,24.0,0,0,8.05,0,1,0,0,1,3432754.0,0
91,0.0,3,29.0,0,0,8.05,0,1,0,0,1,3432764.0,0
92,0.0,3,20.0,0,0,7.8542,0,1,0,0,1,3474664.0,0
93,0.0,1,46.0,1,0,61.175,0,1,0,0,1,573418.0,5031
94,0.0,3,26.0,1,2,20.575,0,1,0,0,1,23157.0,0
95,0.0,3,59.0,0,0,7.25,0,1,0,0,1,3645004.0,0
96,0.0,3,29.0,0,0,8.05,0,1,0,0,1,3749104.0,0
97,0.0,1,71.0,0,0,34.6542,0,1,1,0,0,177542.0,105
98,1.0,1,23.0,0,1,63.3583,0,1,1,0,0,177592.0,4010
99,1.0,2,34.0,0,1,23.0,1,0,0,0,1,2319194.0,0
100,0.0,2,34.0,1,0,26.0,0,1,0,0,1,2443674.0,0
101,0.0,3,28.0,0,0,7.8958,1,0,0,0,1,3492454.0,0
102,0.0,3,29.0,0,0,7.8958,0,1,0,0,1,3492154.0,0
103,0.0,1,21.0,0,1,77.2875,0,1,0,0,1,352814.0,4026
104,0.0,3,33.0,0,0,8.6542,0,1,0,0,1,75404.0,0
105,0.0,3,37.0,2,0,7.925,0,1,0,0,1,31012764.0,0
106,0.0,3,28.0,0,0,7.8958,0,1,0,0,1,3492074.0,0
107,1.0,3,21.0,0,0,7.65,1,0,0,0,1,3431204.0,0
108,1.0,3,29.0,0,0,7.775,0,1,0,0,1,3129914.0,0
109,0.0,3,38.0,0,0,7.8958,0,1,0,0,1,3492494.0,0
110,1.0,3,29.0,1,0,24.15,1,0,0,1,0,3711104.0,0
111,0.0,1,47.0,0,0,52.0,0,1,0,0,1,1104654.0,30110
112,0.0,3,14.5,1,0,14.4542,1,0,1,0,0,26654.0,0
113,0.0,3,22.0,0,0,8.05,0,1,0,0,1,3246694.0,0
114,0.0,3,20.0,1,0,9.825,1,0,0,0,1,41364.0,0
115,0.0,3,17.0,0,0,14.4583,1,0,1,0,0,26274.0,0
116,0.0,3,21.0,0,0,7.925,0,1,0,0,1,2.19,0
117,0.0,3,70.5,0,0,7.75,0,1,0,1,0,3703694.0,0
118,0.0,2,29.0,1,0,21.0,0,1,0,0,1,116684.0,0
119,0.0,1,24.0,0,1,247.5208,0,1,1,0,0,175582.0,2058
120,0.0,3,2.0,4,2,31.275,1,0,0,0,1,3470824.0,0
121,0.0,2,21.0,2,0,73.5,0,1,0,0,1,1487914.0,0
122,0.0,3,29.0,0,0,8.05,0,1,0,0,1,5451020.0,0
123,0.0,2,32.5,1,0,30.0708,0,1,1,0,0,2377364.0,0
124,1.0,2,32.5,0,0,13.0,1,0,0,0,1,272674.0,50101
125,0.0,1,54.0,0,1,77.2875,0,1,0,0,1,352814.0,4026
126,1.0,3,12.0,1,0,11.2417,0,1,1,0,0,26514.0,0
127,0.0,3,29.0,0,0,7.75,0,1,0,1,0,3703724.0,0
128,1.0,3,24.0,0,0,7.1417,0,1,0,0,1,1736921.0,0
129,1.0,3,29.0,1,1,22.3583,1,0,1,0,0,26684.0,6069
130,0.0,3,45.0,0,0,6.975,0,1,0,0,1,3470614.0,0
131,0.0,3,33.0,0,0,7.8958,0,1,1,0,0,3492414.0,0
132,0.0,3,20.0,0,0,7.05,0,1,0,0,1,310130722.0,0
133,0.0,3,47.0,1,0,14.5,1,0,0,0,1,33376.0,0
134,1.0,2,29.0,1,0,26.0,1,0,0,0,1,2284144.0,0
135,0.0,2,25.0,0,0,13.0,0,1,0,0,1,291787.0,0
136,0.0,2,23.0,0,0,15.0458,0,1,1,0,0,213323.0,0
137,1.0,1,19.0,0,2,26.2833,1,0,0,0,1,117524.0,4047
138,0.0,1,37.0,1,0,53.1,0,1,0,0,1,1138034.0,30123
139,0.0,3,16.0,0,0,9.2167,0,1,0,0,1,75344.0,0
140,0.0,1,24.0,0,0,79.2,0,1,1,0,0,175932.0,2086
141,0.0,3,29.0,0,2,15.2458,1,0,1,0,0,26784.0,0
142,1.0,3,22.0,0,0,7.75,1,0,0,0,1,3470814.0,0
143,1.0,3,24.0,1,0,15.85,1,0,0,0,1,31012793.0,0
144,0.0,3,19.0,0,0,6.75,0,1,0,1,0,3652224.0,0
145,0.0,2,18.0,0,0,11.5,0,1,0,0,1,2319454.0,0
146,0.0,2,19.0,1,1,36.75,0,1,0,0,1,331127.0,0
147,1.0,3,27.0,0,0,7.7958,0,1,0,0,1,3500434.0,0
148,0.0,3,9.0,2,2,34.375,1,0,0,0,1,660816.0,0
149,0.0,2,36.5,0,2,26.0,0,1,0,0,1,2300804.0,602
150,0.0,2,42.0,0,0,13.0,0,1,0,0,1,2443104.0,0
151,0.0,2,51.0,0,0,12.525,0,1,0,0,1,116624.0,0
152,1.0,1,22.0,1,0,66.6,1,0,0,0,1,1137764.0,302
153,0.0,3,55.5,0,0,8.05,0,1,0,0,1,1120625.0,0
154,0.0,3,40.5,0,2,14.5,0,1,0,0,1,8516.0,0
155,0.0,3,29.0,0,0,7.3125,0,1,0,0,1,26530226.0,0
156,0.0,1,51.0,0,1,61.3792,0,1,1,0,0,175972.0,0
157,1.0,3,16.0,0,0,7.7333,1,0,0,1,0,358514.0,0
158,0.0,3,30.0,0,0,8.05,0,1,0,0,1,39209017.0,0
159,0.0,3,29.0,0,0,8.6625,0,1,0,0,1,3150374.0,0
160,0.0,3,29.0,8,2,69.55,0,1,0,0,1,234327.0,0
161,0.0,3,44.0,0,1,16.1,0,1,0,0,1,3713624.0,0
162,1.0,2,40.0,0,0,15.75,1,0,0,0,1,335957.0,0
163,0.0,3,26.0,0,0,7.775,0,1,0,0,1,3470684.0,0
164,0.0,3,17.0,0,0,8.6625,0,1,0,0,1,3150934.0,0
165,0.0,3,1.0,4,1,39.6875,0,1,0,0,1,31012954.0,0
166,1.0,3,9.0,0,2,20.525,0,1,0,0,1,3632914.0,0
167,1.0,1,29.0,0,1,55.0,1,0,0,0,1,1135054.0,5033
168,0.0,3,45.0,1,4,27.9,1,0,0,0,1,3470884.0,0
169,0.0,1,29.0,0,0,25.925,0,1,0,0,1,173182.0,0
170,0.0,3,28.0,0,0,56.4958,0,1,0,0,1,16014.0,0
171,0.0,1,61.0,0,0,33.5,0,1,0,0,1,1112404.0,2019
172,0.0,3,4.0,4,1,29.125,0,1,0,1,0,3826524.0,0
173,1.0,3,1.0,1,1,11.1333,1,0,0,0,1,3477424.0,0
174,0.0,3,21.0,0,0,7.925,0,1,0,0,1,2.19,0
175,0.0,1,56.0,0,0,30.6958,0,1,1,0,0,177644.0,107
176,0.0,3,18.0,1,1,7.8542,0,1,0,0,1,3504044.0,0
177,0.0,3,29.0,3,1,25.4667,0,1,0,0,1,41334.0,0
178,0.0,1,50.0,0,0,28.7125,1,0,1,0,0,175952.0,3049
179,0.0,2,30.0,0,0,13.0,0,1,0,0,1,2506534.0,0
180,0.0,3,36.0,0,0,0.0,0,1,0,0,1,,0
181,0.0,3,29.0,8,2,69.55,1,0,0,0,1,234327.0,0
182,0.0,2,29.0,0,0,15.05,0,1,1,0,0,213123.0,0
183,0.0,3,9.0,4,2,31.3875,0,1,0,0,1,3470774.0,0
184,1.0,2,1.0,2,1,39.0,0,1,0,0,1,2301364.0,604
185,1.0,3,4.0,0,2,22.025,1,0,0,0,1,3151534.0,0
186,0.0,1,29.0,0,0,50.0,0,1,0,0,1,1137674.0,1032
187,1.0,3,29.0,1,0,15.5,1,0,0,1,0,3703654.0,0
188,1.0,1,45.0,0,0,26.55,0,1,0,0,1,1114284.0,0
189,0.0,3,40.0,1,1,15.5,0,1,0,1,0,3648494.0,0
190,0.0,3,36.0,0,0,7.8958,0,1,0,0,1,3492474.0,0
191,1.0,2,32.0,0,0,13.0,1,0,0,0,1,2346044.0,0
192,0.0,2,19.0,0,0,13.0,0,1,0,0,1,284244.0,0
193,1.0,3,19.0,1,0,7.8542,1,0,0,0,1,3500464.0,0
194,1.0,2,3.0,1,1,26.0,0,1,0,0,1,2300804.0,602
195,1.0,1,44.0,0,0,27.7208,1,0,1,0,0,176102.0,204
196,1.0,1,58.0,0,0,146.5208,1,0,1,0,0,175692.0,2080
197,0.0,3,29.0,0,0,7.75,0,1,0,1,0,3687034.0,0
198,0.0,3,42.0,0,1,8.4042,0,1,0,0,1,45794.0,0
199,1.0,3,29.0,0,0,7.75,1,0,0,1,0,3703704.0,0
200,0.0,2,24.0,0,0,13.0,1,0,0,0,1,2487474.0,0
201,0.0,3,28.0,0,0,9.5,0,1,0,0,1,3457704.0,0
202,0.0,3,29.0,8,2,69.55,0,1,0,0,1,234327.0,0
203,0.0,3,34.0,0,0,6.4958,0,1,0,0,1,31012644.0,0
204,0.0,3,45.5,0,0,7.225,0,1,1,0,0,26284.0,0
205,1.0,3,18.0,0,0,8.05,0,1,0,0,1,35401.0,0
206,0.0,3,2.0,0,1,10.4625,1,0,0,0,1,3470544.0,706
207,0.0,3,32.0,1,0,15.85,0,1,0,0,1,31012784.0,0
208,1.0,3,26.0,0,0,18.7875,0,1,1,0,0,26994.0,0
209,1.0,3,16.0,0,0,7.75,1,0,0,1,0,3672314.0,0
210,1.0,1,40.0,0,0,31.0,0,1,1,0,0,1122774.0,1031
211,0.0,3,24.0,0,0,7.05,0,1,0,0,1,310131122.0,0
212,1.0,2,35.0,0,0,21.0,1,0,0,0,1,1352829.0,0
213,0.0,3,22.0,0,0,7.25,0,1,0,0,1,211741.0,0
214,0.0,2,30.0,0,0,13.0,0,1,0,0,1,2506464.0,0
215,0.0,3,29.0,1,0,7.75,0,1,0,1,0,3672294.0,0
216,1.0,1,31.0,1,0,113.275,1,0,1,0,0,352734.0,4036
217,1.0,3,27.0,0,0,7.925,1,0,0,0,1,31012833.0,0
218,0.0,2,42.0,1,0,27.0,0,1,0,0,1,2438474.0,0
219,1.0,1,32.0,0,0,76.2917,1,0,1,0,0,118134.0,4015
220,0.0,2,30.0,0,0,10.5,0,1,0,0,1,1420830.0,0
221,1.0,3,16.0,0,0,8.05,0,1,0,0,1,39208917.0,0
222,0.0,2,27.0,0,0,13.0,0,1,0,0,1,2203674.0,0
223,0.0,3,51.0,0,0,8.05,0,1,0,0,1,214404.0,0
224,0.0,3,29.0,0,0,7.8958,0,1,0,0,1,3492344.0,0
225,1.0,1,38.0,1,0,90.0,0,1,0,0,1,199434.0,3093
226,0.0,3,22.0,0,0,9.35,0,1,0,0,1,43485.0,0
227,1.0,2,19.0,0,0,10.5,0,1,0,0,1,75131.0,0
228,0.0,3,20.5,0,0,7.25,0,1,0,0,1,211731.0,0
229,0.0,2,18.0,0,0,13.0,0,1,0,0,1,2361714.0,0
230,0.0,3,29.0,3,1,25.4667,1,0,0,0,1,41334.0,0
231,1.0,1,35.0,1,0,83.475,1,0,0,0,1,369734.0,3083
232,0.0,3,29.0,0,0,7.775,0,1,0,0,1,3470674.0,0
233,0.0,2,59.0,0,0,13.5,0,1,0,0,1,2374424.0,0
234,1.0,3,5.0,4,2,31.3875,1,0,0,0,1,3470774.0,0
235,0.0,2,24.0,0,0,10.5,0,1,0,0,1,295667.0,0
236,0.0,3,29.0,0,0,7.55,1,0,0,0,1,660916.0,0
237,0.0,2,44.0,1,0,26.0,0,1,0,0,1,267074.0,0
238,1.0,2,8.0,0,2,26.25,1,0,0,0,1,319217.0,0
239,0.0,2,19.0,0,0,10.5,0,1,0,0,1,286654.0,0
240,0.0,2,33.0,0,0,12.275,0,1,0,0,1,158532.0,0
241,0.0,3,29.0,1,0,14.4542,1,0,1,0,0,26654.0,0
242,1.0,3,29.0,1,0,15.5,1,0,0,1,0,3672304.0,0
243,0.0,2,29.0,0,0,10.5,0,1,0,0,1,1426316.0,0
244,0.0,3,22.0,0,0,7.125,0,1,0,0,1,2.19,0
245,0.0,3,30.0,0,0,7.225,0,1,1,0,0,26944.0,0
246,0.0,1,44.0,2,0,90.0,0,1,0,1,0,199284.0,3078
247,0.0,3,25.0,0,0,7.775,1,0,0,0,1,3470714.0,0
248,1.0,2,24.0,0,2,14.5,1,0,0,0,1,2506494.0,0
249,1.0,1,37.0,1,1,52.5542,0,1,0,0,1,117514.0,4035
250,0.0,2,54.0,1,0,26.0,0,1,0,0,1,2442524.0,0
251,0.0,3,29.0,0,0,7.25,0,1,0,0,1,3623164.0,0
252,0.0,3,29.0,1,1,10.4625,1,0,0,0,1,3470544.0,706
253,0.0,1,62.0,0,0,26.55,0,1,0,0,1,1135144.0,3087
254,0.0,3,30.0,1,0,16.1,0,1,0,0,1,33366.0,0
255,0.0,3,41.0,0,2,20.2125,1,0,0,0,1,3701294.0,0
256,1.0,3,29.0,0,2,15.2458,1,0,1,0,0,26504.0,0
257,1.0,1,29.0,0,0,79.2,1,0,1,0,0,175852.0,0
258,1.0,1,30.0,0,0,86.5,1,0,0,0,1,1101524.0,2077
259,1.0,1,35.0,0,0,512.3292,1,0,1,0,0,177552.0,0
260,1.0,2,50.0,0,1,26.0,1,0,0,0,1,2304334.0,0
261,0.0,3,29.0,0,0,7.75,0,1,0,1,0,3844614.0,0
262,1.0,3,3.0,4,2,31.3875,0,1,0,0,1,3470774.0,0
263,0.0,1,52.0,1,1,79.65,0,1,0,0,1,1104134.0,5067
264,0.0,1,40.0,0,0,0.0,0,1,0,0,1,1120594.0,2094
265,0.0,3,29.0,0,0,7.75,1,0,0,1,0,3826494.0,0
266,0.0,2,36.0,0,0,10.5,0,1,0,0,1,172487.0,0
267,0.0,3,16.0,4,1,39.6875,0,1,0,0,1,31012954.0,0
268,1.0,3,25.0,1,0,7.775,0,1,0,0,1,3470834.0,0
269,1.0,1,58.0,0,1,153.4625,1,0,0,0,1,175822.0,30125
270,1.0,1,35.0,0,0,135.6333,1,0,0,0,1,177602.0,3099
271,0.0,1,29.0,0,0,31.0,0,1,0,0,1,1137984.0,0
272,1.0,3,25.0,0,0,0.0,0,1,0,0,1,,0
273,1.0,2,41.0,0,1,19.5,1,0,0,0,1,2506444.0,0
274,0.0,1,37.0,0,1,29.7,0,1,1,0,0,175962.0,30118
275,1.0,3,29.0,0,0,7.75,1,0,0,1,0,3703754.0,0
276,1.0,1,63.0,1,0,77.9583,1,0,0,0,1,135024.0,407
277,0.0,3,45.0,0,0,7.75,1,0,0,0,1,3470734.0,0
278,0.0,2,29.0,0,0,0.0,0,1,0,0,1,2398534.0,0
279,0.0,3,7.0,4,1,29.125,0,1,0,1,0,3826524.0,0
280,1.0,3,35.0,1,1,20.25,1,0,0,0,1,26737.0,0
281,0.0,3,65.0,0,0,7.75,0,1,0,1,0,3364394.0,0
282,0.0,3,28.0,0,0,7.8542,0,1,0,0,1,3474644.0,0
283,0.0,3,16.0,0,0,9.5,0,1,0,0,1,3457784.0,0
284,1.0,3,19.0,0,0,8.05,0,1,0,0,1,104826.0,0
285,0.0,1,29.0,0,0,26.0,0,1,0,0,1,1130564.0,1019
286,0.0,3,33.0,0,0,8.6625,0,1,1,0,0,3492394.0,0
287,1.0,3,30.0,0,0,9.5,0,1,0,0,1,3457744.0,0
288,0.0,3,22.0,0,0,7.8958,0,1,0,0,1,3492064.0,0
289,1.0,2,42.0,0,0,13.0,0,1,0,0,1,2377984.0,0
290,1.0,3,22.0,0,0,7.75,1,0,0,1,0,3703734.0,0
291,1.0,1,26.0,0,0,78.85,1,0,0,0,1,198774.0,0
292,1.0,1,19.0,1,0,91.0792,1,0,1,0,0,119674.0,2049
293,0.0,2,36.0,0,0,12.875,0,1,1,0,0,21639.0,40
294,0.0,3,24.0,0,0,8.85,1,0,0,0,1,3492364.0,0
295,0.0,3,24.0,0,0,7.8958,0,1,0,0,1,3492334.0,0
296,0.0,1,29.0,0,0,27.7208,0,1,1,0,0,176122.0,0
297,0.0,3,23.5,0,0,7.2292,0,1,1,0,0,26934.0,0
298,0.0,1,2.0,1,2,151.55,1,0,0,0,1,1137814.0,3022
299,1.0,1,29.0,0,0,30.5,0,1,0,0,1,199884.0,30106
300,1.0,1,50.0,0,1,247.5208,1,0,1,0,0,175582.0,2058
301,1.0,3,29.0,0,0,7.75,1,0,0,1,0,92344.0,0
302,1.0,3,29.0,2,0,23.25,0,1,0,1,0,3672264.0,0
303,0.0,3,19.0,0,0,0.0,0,1,0,0,1,,0
304,1.0,2,29.0,0,0,12.35,1,0,0,1,0,2265934.0,50101
305,0.0,3,29.0,0,0,8.05,0,1,0,0,1,24661.0,0
306,1.0,1,0.92,1,2,151.55,0,1,0,0,1,1137814.0,3022
307,1.0,1,29.0,0,0,110.8833,1,0,1,0,0,174214.0,0
308,1.0,1,17.0,1,0,108.9,1,0,1,0,0,177582.0,3065
309,0.0,2,30.0,1,0,24.0,0,1,1,0,0,338133.0,0
310,1.0,1,30.0,0,0,56.9292,1,0,1,0,0,174852.0,5036
311,1.0,1,24.0,0,0,83.1583,1,0,1,0,0,117674.0,3054
312,1.0,1,18.0,2,2,262.375,1,0,1,0,0,176082.0,2057
313,0.0,2,26.0,1,1,26.0,1,0,0,0,1,2506514.0,0
314,0.0,3,28.0,0,0,7.8958,0,1,0,0,1,3492434.0,0
315,0.0,2,43.0,1,1,26.25,0,1,0,0,1,1352929.0,0
316,1.0,3,26.0,0,0,7.8542,1,0,0,0,1,3474704.0,0
317,1.0,2,24.0,1,0,26.0,1,0,0,0,1,2443674.0,0
318,0.0,2,54.0,0,0,14.0,0,1,0,0,1,290114.0,0
319,1.0,1,31.0,0,2,164.8667,1,0,0,0,1,369284.0,307
320,1.0,1,40.0,1,1,134.5,1,0,1,0,0,169664.0,5034
321,0.0,3,22.0,0,0,7.25,0,1,0,0,1,211721.0,0
322,0.0,3,27.0,0,0,7.8958,0,1,0,0,1,3492194.0,0
323,1.0,2,30.0,0,0,12.35,1,0,0,1,0,2348184.0,0
324,1.0,2,22.0,1,1,29.0,1,0,0,0,1,2487384.0,0
325,0.0,3,29.0,8,2,69.55,0,1,0,0,1,234327.0,0
326,1.0,1,36.0,0,0,135.6333,1,0,1,0,0,177602.0,3032
327,0.0,3,61.0,0,0,6.2375,0,1,0,0,1,3453644.0,0
328,1.0,2,36.0,0,0,13.0,1,0,0,0,1,285514.0,40
329,1.0,3,31.0,1,1,20.525,1,0,0,0,1,3632914.0,0
330,1.0,1,16.0,0,1,57.9792,1,0,1,0,0,1113614.0,2018
331,1.0,3,29.0,2,0,23.25,1,0,0,1,0,3672264.0,0
332,0.0,1,45.5,0,0,28.5,0,1,0,0,1,1130434.0,30124
333,0.0,1,38.0,0,1,153.4625,0,1,0,0,1,175822.0,3091
334,0.0,3,16.0,2,0,18.0,0,1,0,0,1,3457644.0,0
335,1.0,1,29.0,1,0,133.65,1,0,0,0,1,176112.0,0
336,0.0,3,29.0,0,0,7.8958,0,1,0,0,1,3492254.0,0
337,0.0,1,29.0,1,0,66.6,0,1,0,0,1,1137764.0,302
338,1.0,1,41.0,0,0,134.5,1,0,1,0,0,169664.0,5040
339,1.0,3,45.0,0,0,8.05,0,1,0,0,1,75984.0,0
340,0.0,1,45.0,0,0,35.5,0,1,0,0,1,1137844.0,80
341,1.0,2,2.0,1,1,26.0,0,1,0,0,1,2300804.0,602
342,1.0,1,24.0,3,2,263.0,1,0,0,0,1,199504.0,3023
343,0.0,2,28.0,0,0,13.0,0,1,0,0,1,2487404.0,0
344,0.0,2,25.0,0,0,13.0,0,1,0,0,1,2443614.0,0
345,0.0,2,36.0,0,0,13.0,0,1,0,0,1,2292364.0,0
346,1.0,2,24.0,0,0,13.0,1,0,0,0,1,2487334.0,6033
347,1.0,2,40.0,0,0,13.0,1,0,0,0,1,314184.0,0
348,1.0,3,29.0,1,0,16.1,1,0,0,0,1,3865254.0,0
349,1.0,3,3.0,1,1,15.9,0,1,0,0,1,376717.0,0
350,0.0,3,42.0,0,0,8.6625,0,1,0,0,1,3150884.0,0
351,0.0,3,23.0,0,0,9.225,0,1,0,0,1,72674.0,0
352,0.0,1,29.0,0,0,35.0,0,1,0,0,1,1135104.0,30128
353,0.0,3,15.0,1,1,7.2292,0,1,1,0,0,26954.0,0
354,0.0,3,25.0,1,0,17.8,0,1,0,0,1,3492374.0,0
355,0.0,3,29.0,0,0,7.225,0,1,1,0,0,26474.0,0
356,0.0,3,28.0,0,0,9.5,0,1,0,0,1,3457834.0,0
357,1.0,1,22.0,0,1,55.0,1,0,0,0,1,1135054.0,5033
358,0.0,2,38.0,0,0,13.0,1,0,0,0,1,2376714.0,0
359,1.0,3,29.0,0,0,7.8792,1,0,0,1,0,3309314.0,0
360,1.0,3,29.0,0,0,7.8792,1,0,0,1,0,3309804.0,0
361,0.0,3,40.0,1,4,27.9,0,1,0,0,1,3470884.0,0
362,0.0,2,29.0,1,0,27.7208,0,1,1,0,0,216723.0,0
363,0.0,3,45.0,0,1,14.4542,1,0,1,0,0,26914.0,0
364,0.0,3,35.0,0,0,7.05,0,1,0,0,1,310131022.0,0
365,0.0,3,29.0,1,0,15.5,0,1,0,1,0,3703654.0,0
366,0.0,3,30.0,0,0,7.25,0,1,0,0,1,707621.0,0
367,1.0,1,60.0,1,0,75.25,1,0,1,0,0,1108134.0,4037
368,1.0,3,29.0,0,0,7.2292,1,0,1,0,0,26264.0,0
369,1.0,3,29.0,0,0,7.75,1,0,0,1,0,143134.0,0
370,1.0,1,24.0,0,0,69.3,1,0,1,0,0,174772.0,2035
371,1.0,1,25.0,1,0,55.4417,0,1,1,0,0,117654.0,5050
372,0.0,3,18.0,1,0,6.4958,0,1,0,0,1,31012674.0,0
373,0.0,3,19.0,0,0,8.05,0,1,0,0,1,3239514.0,0
374,0.0,1,22.0,0,0,135.6333,0,1,1,0,0,177602.0,0
375,0.0,3,3.0,3,1,21.075,1,0,0,0,1,3499094.0,0
376,1.0,1,29.0,1,0,82.1708,1,0,1,0,0,176042.0,0
377,1.0,3,22.0,0,0,7.25,1,0,0,0,1,707721.0,0
378,0.0,1,27.0,0,2,211.5,0,1,1,0,0,1135034.0,3082
379,0.0,3,20.0,0,0,4.0125,0,1,1,0,0,26484.0,0
380,0.0,3,19.0,0,0,7.775,0,1,0,0,1,3470694.0,0
381,1.0,1,42.0,0,0,227.525,1,0,1,0,0,177572.0,0
382,1.0,3,1.0,0,2,15.7417,1,0,1,0,0,26534.0,0
383,0.0,3,32.0,0,0,7.925,0,1,0,0,1,2.19,0
384,1.0,1,35.0,1,0,52.0,1,0,0,0,1,1137894.0,0
385,0.0,3,29.0,0,0,7.8958,0,1,0,0,1,3492274.0,0
386,0.0,2,18.0,0,0,73.5,0,1,0,0,1,1487914.0,0
387,0.0,3,1.0,5,2,46.9,0,1,0,0,1,214412.0,0
388,1.0,2,36.0,0,0,13.0,1,0,0,0,1,278494.0,0
389,0.0,3,29.0,0,0,7.7292,0,1,0,1,0,3676554.0,0
390,1.0,2,17.0,0,0,12.0,1,0,1,0,0,174834.0,0
391,1.0,1,36.0,1,2,120.0,0,1,0,0,1,1137604.0,2096
392,1.0,3,21.0,0,0,7.7958,0,1,0,0,1,3500344.0,0
393,0.0,3,28.0,2,0,7.925,0,1,0,0,1,31012774.0,0
394,1.0,1,23.0,1,0,113.275,1,0,1,0,0,352734.0,4036
395,1.0,3,24.0,0,2,16.7,1,0,0,0,1,95495.0,706
396,0.0,3,22.0,0,0,7.7958,0,1,0,0,1,3500524.0,0
397,0.0,3,31.0,0,0,7.8542,1,0,0,0,1,3504074.0,0
398,0.0,2,46.0,0,0,26.0,0,1,0,0,1,284034.0,0
399,0.0,2,23.0,0,0,10.5,0,1,0,0,1,2442784.0,0
400,1.0,2,28.0,0,0,12.65,1,0,0,0,1,2409294.0,0
401,1.0,3,39.0,0,0,7.925,0,1,0,0,1,2.19,0
402,0.0,3,26.0,0,0,8.05,0,1,0,0,1,3418264.0,0
403,0.0,3,21.0,1,0,9.825,1,0,0,0,1,41374.0,0
404,0.0,3,28.0,1,0,15.85,0,1,0,0,1,31012793.0,0
405,0.0,3,20.0,0,0,8.6625,1,0,0,0,1,3150964.0,0
406,0.0,2,34.0,1,0,21.0,0,1,0,0,1,286644.0,0
407,0.0,3,51.0,0,0,7.75,0,1,0,0,1,3470644.0,0
408,1.0,2,3.0,1,1,18.75,0,1,0,0,1,291064.0,0
409,0.0,3,21.0,0,0,7.775,0,1,0,0,1,3129924.0,0
410,0.0,3,29.0,3,1,25.4667,1,0,0,0,1,41334.0,0
411,0.0,3,29.0,0,0,7.8958,0,1,0,0,1,3492224.0,0
412,0.0,3,29.0,0,0,6.8583,0,1,0,1,0,3941404.0,0
413,1.0,1,33.0,1,0,90.0,1,0,0,1,0,199284.0,3078
414,0.0,2,29.0,0,0,0.0,0,1,0,0,1,2398534.0,0
415,1.0,3,44.0,0,0,7.925,0,1,0,0,1,2.19,0
416,0.0,3,29.0,0,0,8.05,1,0,0,0,1,3430954.0,0
417,1.0,2,34.0,1,1,32.5,1,0,0,0,1,282204.0,0
418,1.0,2,18.0,0,2,13.0,1,0,0,0,1,2506524.0,0
419,0.0,2,30.0,0,0,13.0,0,1,0,0,1,282284.0,0
420,0.0,3,10.0,0,2,24.15,1,0,0,0,1,3457734.0,0
421,0.0,3,29.0,0,0,7.8958,0,1,1,0,0,3492544.0,0
422,0.0,3,21.0,0,0,7.7333,0,1,0,1,0,130326.0,0
423,0.0,3,29.0,0,0,7.875,0,1,0,0,1,3150824.0,0
424,0.0,3,28.0,1,1,14.4,1,0,0,0,1,3470804.0,0
425,0.0,3,18.0,1,1,20.2125,0,1,0,0,1,3701294.0,0
426,0.0,3,29.0,0,0,7.25,0,1,0,0,1,3424411.0,0
427,1.0,2,28.0,1,0,26.0,1,0,0,0,1,20034.0,0
428,1.0,2,19.0,0,0,26.0,1,0,0,0,1,2506554.0,0
429,0.0,3,29.0,0,0,7.75,0,1,0,1,0,3648514.0,0
430,1.0,3,32.0,0,0,8.05,0,1,0,0,1,39207822.0,5010
431,1.0,1,28.0,0,0,26.55,0,1,0,0,1,1105644.0,3052
432,1.0,3,29.0,1,0,16.1,1,0,0,0,1,3765644.0,0
433,1.0,2,42.0,1,0,26.0,1,0,0,0,1,308535.0,0
434,0.0,3,17.0,0,0,7.125,0,1,0,0,1,2.19,0
435,0.0,1,50.0,1,0,55.9,0,1,0,0,1,135074.0,5044
436,1.0,1,14.0,1,2,120.0,1,0,0,0,1,1137604.0,2096
437,0.0,3,21.0,2,2,34.375,1,0,0,0,1,660816.0,0
438,1.0,2,24.0,2,3,18.75,1,0,0,0,1,291064.0,0
439,0.0,1,64.0,1,4,263.0,0,1,0,0,1,199504.0,3023
440,0.0,2,31.0,0,0,10.5,0,1,0,0,1,187237.0,0
441,1.0,2,45.0,1,1,26.25,1,0,0,0,1,1352929.0,0
442,0.0,3,20.0,0,0,9.5,0,1,0,0,1,3457694.0,0
443,0.0,3,25.0,1,0,7.775,0,1,0,0,1,3470764.0,0
444,1.0,2,28.0,0,0,13.0,1,0,0,0,1,2304344.0,0
445,1.0,3,29.0,0,0,8.1125,0,1,0,0,1,653064.0,0
446,1.0,1,4.0,0,2,81.8583,0,1,0,0,1,336384.0,1034
447,1.0,2,13.0,0,1,19.5,1,0,0,0,1,2506444.0,0
448,1.0,1,34.0,0,0,26.55,0,1,0,0,1,1137944.0,0
449,1.0,3,5.0,2,1,19.2583,1,0,1,0,0,26664.0,0
450,1.0,1,52.0,0,0,30.5,0,1,0,0,1,1137864.0,30104
451,0.0,2,36.0,1,2,27.75,0,1,0,0,1,346517.0,0
452,0.0,3,29.0,1,0,19.9667,0,1,0,0,1,653034.0,0
453,0.0,1,30.0,0,0,27.75,0,1,1,0,0,1130514.0,30111
454,1.0,1,49.0,1,0,89.1042,0,1,1,0,0,174534.0,3092
455,0.0,3,29.0,0,0,8.05,0,1,0,0,1,28171.0,0
456,1.0,3,29.0,0,0,7.8958,0,1,1,0,0,3492404.0,0
457,0.0,1,65.0,0,0,26.55,0,1,0,0,1,135094.0,5038
458,1.0,1,29.0,1,0,51.8625,1,0,0,0,1,174644.0,4021
459,1.0,2,50.0,0,0,10.5,1,0,0,0,1,1353129.0,0
460,0.0,3,29.0,0,0,7.75,0,1,0,1,0,3710604.0,0
461,1.0,1,48.0,0,0,26.55,0,1,0,0,1,199524.0,5012
462,0.0,3,34.0,0,0,8.05,0,1,0,0,1,3645064.0,0
463,0.0,1,47.0,0,0,38.5,0,1,0,0,1,1113204.0,5063
464,0.0,2,48.0,0,0,13.0,0,1,0,0,1,2343604.0,0
465,0.0,3,29.0,0,0,8.05,0,1,0,0,1,281636.0,0
466,0.0,3,38.0,0,0,7.05,0,1,0,0,1,310130622.0,0
467,0.0,2,29.0,0,0,0.0,0,1,0,0,1,2398534.0,0
468,0.0,1,56.0,0,0,26.55,0,1,0,0,1,1137924.0,0
469,0.0,3,29.0,0,0,7.725,0,1,0,1,0,362094.0,0
470,1.0,3,0.75,2,1,19.2583,1,0,1,0,0,26664.0,0
471,0.0,3,29.0,0,0,7.25,0,1,0,0,1,3235924.0,0
472,0.0,3,38.0,0,0,8.6625,0,1,0,0,1,3150894.0,0
473,1.0,2,33.0,1,2,27.75,1,0,0,0,1,346517.0,0
474,1.0,2,23.0,0,0,13.7917,1,0,1,0,0,,40
475,0.0,3,22.0,0,0,9.8375,1,0,0,0,1,75534.0,0
476,0.0,1,29.0,0,0,52.0,0,1,0,0,1,1104654.0,1014
477,0.0,2,34.0,1,0,21.0,0,1,0,0,1,310274.0,0
478,0.0,3,29.0,1,0,7.0458,0,1,0,0,1,34604.0,0
479,0.0,3,22.0,0,0,7.5208,0,1,0,0,1,3500604.0,0
480,1.0,3,2.0,0,1,12.2875,1,0,0,0,1,31012984.0,0
481,0.0,3,9.0,5,2,46.9,0,1,0,0,1,214412.0,0
482,0.0,2,29.0,0,0,0.0,0,1,0,0,1,2398544.0,0
483,0.0,3,50.0,0,0,8.05,0,1,0,0,1,35941.0,0
484,1.0,3,63.0,0,0,9.5875,1,0,0,0,1,41344.0,0
485,1.0,1,25.0,1,0,91.0792,0,1,1,0,0,119674.0,2049
486,0.0,3,29.0,3,1,25.4667,1,0,0,0,1,41334.0,0
487,1.0,1,35.0,1,0,90.0,1,0,0,0,1,199434.0,3093
488,0.0,1,58.0,0,0,29.7,0,1,1,0,0,117714.0,2037
489,0.0,3,30.0,0,0,8.05,0,1,0,0,1,1850925.0,0
490,1.0,3,9.0,1,1,15.9,0,1,0,0,1,376717.0,0
491,0.0,3,29.0,1,0,19.9667,0,1,0,0,1,653044.0,0
492,0.0,3,21.0,0,0,7.25,0,1,0,0,1,310131717.0,0
493,0.0,1,55.0,0,0,30.5,0,1,0,0,1,1137874.0,3030
494,0.0,1,71.0,0,0,49.5042,0,1,1,0,0,176092.0,0
495,0.0,3,21.0,0,0,8.05,0,1,0,0,1,4538037.0,0
496,0.0,3,29.0,0,0,14.4583,0,1,1,0,0,26274.0,0
497,1.0,1,54.0,1,0,78.2667,1,0,1,0,0,369474.0,4020
498,0.0,3,29.0,0,0,15.1,0,1,0,0,1,62127.0,0
499,0.0,1,25.0,1,2,151.55,1,0,0,0,1,1137814.0,3022
500,0.0,3,24.0,0,0,7.7958,0,1,0,0,1,3500354.0,0
501,0.0,3,17.0,0,0,8.6625,0,1,0,0,1,3150864.0,0
502,0.0,3,21.0,0,0,7.75,1,0,0,1,0,3648464.0,0
503,0.0,3,29.0,0,0,7.6292,1,0,0,1,0,3309094.0,0
504,0.0,3,37.0,0,0,9.5875,1,0,0,0,1,41354.0,0
505,1.0,1,16.0,0,0,86.5,1,0,0,0,1,1101524.0,2079
506,0.0,1,18.0,1,0,108.9,0,1,1,0,0,177582.0,3065
507,1.0,2,33.0,0,2,26.0,1,0,0,0,1,263604.0,0
508,1.0,1,29.0,0,0,26.55,0,1,0,0,1,1114274.0,0
509,0.0,3,28.0,0,0,22.525,0,1,0,0,1,400121.0,0
510,1.0,3,26.0,0,0,56.4958,0,1,0,0,1,16014.0,0
511,1.0,3,29.0,0,0,7.75,0,1,0,1,0,3826514.0,0
512,0.0,3,29.0,0,0,8.05,0,1,0,0,1,310131617.0,0
513,1.0,1,36.0,0,0,26.2875,0,1,0,0,1,174732.0,5025
514,1.0,1,54.0,1,0,59.4,1,0,1,0,0,176032.0,0
515,0.0,3,24.0,0,0,7.4958,0,1,0,0,1,3492094.0,0
516,0.0,1,47.0,0,0,34.0208,0,1,0,0,1,369674.0,4046
517,1.0,2,34.0,0,0,10.5,1,0,0,0,1,342607.0,6033
518,0.0,3,29.0,0,0,24.15,0,1,0,1,0,3711104.0,0
519,1.0,2,36.0,1,0,26.0,1,0,0,0,1,2268754.0,0
520,0.0,3,32.0,0,0,7.8958,0,1,0,0,1,3492424.0,0
521,1.0,1,30.0,0,0,93.5,1,0,0,0,1,127494.0,2073
522,0.0,3,22.0,0,0,7.8958,0,1,0,0,1,3492524.0,0
523,0.0,3,29.0,0,0,7.225,0,1,1,0,0,26244.0,0
524,1.0,1,44.0,0,1,57.9792,1,0,1,0,0,1113614.0,2018
525,0.0,3,29.0,0,0,7.2292,0,1,1,0,0,27004.0,0
526,0.0,3,40.5,0,0,7.75,0,1,0,1,0,3672324.0,0
527,1.0,2,50.0,0,0,10.5,1,0,0,0,1,1425816.0,0
528,0.0,1,29.0,0,0,221.7792,0,1,0,0,1,174832.0,3095
529,0.0,3,39.0,0,0,7.925,0,1,0,0,1,31012964.0,0
530,0.0,2,23.0,2,1,11.5,0,1,0,0,1,291044.0,0
531,1.0,2,2.0,1,1,26.0,1,0,0,0,1,263604.0,0
532,0.0,3,29.0,0,0,7.2292,0,1,1,0,0,26414.0,0
533,0.0,3,17.0,1,1,7.2292,0,1,1,0,0,26904.0,0
534,1.0,3,29.0,0,2,22.3583,1,0,1,0,0,26684.0,0
535,0.0,3,30.0,0,0,8.6625,1,0,0,0,1,3150844.0,0
536,1.0,2,7.0,0,2,26.25,1,0,0,0,1,1352929.0,0
537,0.0,1,45.0,0,0,26.55,0,1,0,0,1,1130504.0,2038
538,1.0,1,30.0,0,0,106.425,1,0,1,0,0,177612.0,0
539,0.0,3,29.0,0,0,14.5,0,1,0,0,1,3644984.0,0
540,1.0,1,22.0,0,2,49.5,1,0,1,0,0,135684.0,2039
541,1.0,1,36.0,0,2,71.0,1,0,0,0,1,573538.0,2022
542,0.0,3,9.0,4,2,31.275,1,0,0,0,1,3470824.0,0
543,0.0,3,11.0,4,2,31.275,1,0,0,0,1,3470824.0,0
544,1.0,2,32.0,1,0,26.0,0,1,0,0,1,29084.0,0
545,0.0,1,50.0,1,0,106.425,0,1,1,0,0,177612.0,3086
546,0.0,1,64.0,0,0,26.0,0,1,0,0,1,6934.0,0
547,1.0,2,19.0,1,0,26.0,1,0,0,0,1,29084.0,0
548,1.0,2,29.0,0,0,13.8625,0,1,1,0,0,214623.0,0
549,0.0,3,33.0,1,1,20.525,0,1,0,0,1,3632914.0,0
550,1.0,2,8.0,1,1,36.75,0,1,0,0,1,331127.0,0
551,1.0,1,17.0,0,2,110.8833,0,1,1,0,0,174214.0,3070
552,0.0,2,27.0,0,0,26.0,0,1,0,0,1,2443584.0,0
553,0.0,3,29.0,0,0,7.8292,0,1,0,1,0,3309794.0,0
554,1.0,3,22.0,0,0,7.225,0,1,1,0,0,26204.0,0
555,1.0,3,22.0,0,0,7.775,1,0,0,0,1,3470854.0,0
556,0.0,1,62.0,0,0,26.55,0,1,0,0,1,1138074.0,0
557,1.0,1,48.0,1,0,39.6,1,0,1,0,0,117554.0,1016
558,0.0,1,29.0,0,0,227.525,0,1,1,0,0,177572.0,0
559,1.0,1,39.0,1,1,79.65,1,0,0,0,1,1104134.0,5067
560,1.0,3,36.0,1,0,17.4,1,0,0,0,1,3455724.0,0
561,0.0,3,29.0,0,0,7.75,0,1,0,1,0,3726224.0,0
562,0.0,3,40.0,0,0,7.8958,0,1,0,0,1,3492514.0,0
563,0.0,2,28.0,0,0,13.5,0,1,0,0,1,2186294.0,0
564,0.0,3,29.0,0,0,8.05,0,1,0,0,1,39208217.0,0
565,0.0,3,29.0,0,0,8.05,1,0,0,0,1,39208722.0,0
566,0.0,3,24.0,2,0,24.15,0,1,0,0,1,4887137.0,0
567,0.0,3,19.0,0,0,7.8958,0,1,0,0,1,3492054.0,0
568,0.0,3,29.0,0,4,21.075,1,0,0,0,1,3499094.0,0
569,0.0,3,29.0,0,0,7.2292,0,1,1,0,0,26864.0,0
570,1.0,3,32.0,0,0,7.8542,0,1,0,0,1,3504174.0,0
571,1.0,2,62.0,0,0,10.5,0,1,0,0,1,75239.0,0
572,1.0,1,53.0,2,0,51.4792,1,0,0,0,1,117694.0,30101
573,1.0,1,36.0,0,0,26.3875,0,1,0,0,1,174742.0,5025
574,1.0,3,29.0,0,0,7.75,1,0,0,1,0,143124.0,0
575,0.0,3,16.0,0,0,8.05,0,1,0,0,1,2058911.0,0
576,0.0,3,19.0,0,0,14.5,0,1,0,0,1,3585854.0,0
577,1.0,2,34.0,0,0,13.0,1,0,0,0,1,2438804.0,0
578,1.0,1,39.0,1,0,55.9,1,0,0,0,1,135074.0,5044
579,0.0,3,29.0,1,0,14.4583,1,0,1,0,0,26894.0,0
580,1.0,3,32.0,0,0,7.925,0,1,0,0,1,2.19,0
581,1.0,2,25.0,1,1,30.0,1,0,0,0,1,2377894.0,0
582,1.0,1,39.0,1,1,110.8833,1,0,1,0,0,174214.0,3068
583,0.0,2,54.0,0,0,26.0,0,1,0,0,1,284034.0,0
584,0.0,1,36.0,0,0,40.125,0,1,1,0,0,130494.0,1010
585,0.0,3,29.0,0,0,8.7125,0,1,1,0,0,34114.0,0
586,1.0,1,18.0,0,2,79.65,1,0,0,0,1,1104134.0,5068
587,0.0,2,47.0,0,0,15.0,0,1,0,0,1,2375654.0,0
588,1.0,1,60.0,1,1,79.2,0,1,1,0,0,135674.0,2041
589,0.0,3,22.0,0,0,8.05,0,1,0,0,1,149734.0,0
590,0.0,3,29.0,0,0,8.05,0,1,0,0,1,32358.0,0
591,0.0,3,35.0,0,0,7.125,0,1,0,0,1,2.19,0
592,1.0,1,52.0,1,0,78.2667,1,0,1,0,0,369474.0,4020
593,0.0,3,47.0,0,0,7.25,0,1,0,0,1,39021.0,0
594,0.0,3,29.0,0,2,7.75,1,0,0,1,0,3648484.0,0
595,0.0,2,37.0,1,0,26.0,0,1,0,0,1,2903735.0,0
596,0.0,3,36.0,1,1,24.15,0,1,0,0,1,3457734.0,0
597,1.0,2,29.0,0,0,33.0,1,0,0,0,1,2487274.0,0
598,0.0,3,49.0,0,0,0.0,0,1,0,0,1,,0
599,0.0,3,29.0,0,0,7.225,0,1,1,0,0,26644.0,0
600,1.0,1,49.0,1,0,56.9292,0,1,1,0,0,174852.0,1020
601,1.0,2,24.0,2,1,27.0,1,0,0,0,1,2438474.0,0
602,0.0,3,29.0,0,0,7.8958,0,1,0,0,1,3492144.0,0
603,0.0,1,29.0,0,0,42.4,0,1,0,0,1,1137964.0,0
604,0.0,3,44.0,0,0,8.05,0,1,0,0,1,3645114.0,0
605,1.0,1,35.0,0,0,26.55,0,1,1,0,0,1114264.0,0
606,0.0,3,36.0,1,0,15.55,0,1,0,0,1,3499104.0,0
607,0.0,3,30.0,0,0,7.8958,0,1,0,0,1,3492464.0,0
608,1.0,1,27.0,0,0,30.5,0,1,0,0,1,1138044.0,0
609,1.0,2,22.0,1,2,41.5792,1,0,1,0,0,21239.0,0
610,1.0,1,40.0,0,0,153.4625,1,0,0,0,1,175822.0,30125
611,0.0,3,39.0,1,5,31.275,1,0,0,0,1,3470824.0,0
612,0.0,3,29.0,0,0,7.05,0,1,0,0,1,310130522.0,0
613,1.0,3,29.0,1,0,15.5,1,0,0,1,0,3672304.0,0
614,0.0,3,29.0,0,0,7.75,0,1,0,1,0,3703774.0,0
615,0.0,3,35.0,0,0,8.05,0,1,0,0,1,3645124.0,0
616,1.0,2,24.0,1,2,65.0,1,0,0,0,1,2208454.0,0
617,0.0,3,34.0,1,1,14.4,0,1,0,0,1,3470804.0,0
618,0.0,3,26.0,1,0,16.1,1,0,0,0,1,33366.0,0
619,1.0,2,4.0,2,1,39.0,1,0,0,0,1,2301364.0,604
620,0.0,2,26.0,0,0,10.5,0,1,0,0,1,310284.0,0
621,0.0,3,27.0,1,0,14.4542,0,1,1,0,0,26594.0,0
622,1.0,1,42.0,1,0,52.5542,0,1,0,0,1,117534.0,4019
623,1.0,3,20.0,1,1,15.7417,0,1,1,0,0,26534.0,0
624,0.0,3,21.0,0,0,7.8542,0,1,0,0,1,3500294.0,0
625,0.0,3,21.0,0,0,16.1,0,1,0,0,1,546364.0,0
626,0.0,1,61.0,0,0,32.3208,0,1,0,0,1,369634.0,4050
627,0.0,2,57.0,0,0,12.35,0,1,0,1,0,2195334.0,0
628,1.0,1,21.0,0,0,77.9583,1,0,0,0,1,135024.0,409
629,0.0,3,26.0,0,0,7.8958,0,1,0,0,1,3492244.0,0
630,0.0,3,29.0,0,0,7.7333,0,1,0,1,0,3349124.0,0
631,1.0,1,80.0,0,0,30.0,0,1,0,0,1,270424.0,1023
632,0.0,3,51.0,0,0,7.0542,0,1,0,0,1,3477434.0,0
633,1.0,1,32.0,0,0,30.5,0,1,1,0,0,132144.0,2050
634,0.0,1,29.0,0,0,0.0,0,1,0,0,1,1120524.0,0
635,0.0,3,9.0,3,2,27.9,1,0,0,0,1,3470884.0,0
636,1.0,2,28.0,0,0,13.0,1,0,0,0,1,2376684.0,0
637,0.0,3,32.0,0,0,7.925,0,1,0,0,1,2.19,0
638,0.0,2,31.0,1,1,26.25,0,1,0,0,1,319217.0,0
639,0.0,3,41.0,0,5,39.6875,1,0,0,0,1,31012954.0,0
640,0.0,3,29.0,1,0,16.1,0,1,0,0,1,3765644.0,0
641,0.0,3,20.0,0,0,7.8542,0,1,0,0,1,3500504.0,0
642,1.0,1,24.0,0,0,69.3,1,0,1,0,0,174772.0,2035
643,0.0,3,2.0,3,2,27.9,1,0,0,0,1,3470884.0,0
644,1.0,3,29.0,0,0,56.4958,0,1,0,0,1,16014.0,0
645,1.0,3,0.75,2,1,19.2583,1,0,1,0,0,26664.0,0
646,1.0,1,48.0,1,0,76.7292,0,1,1,0,0,175722.0,4033
647,0.0,3,19.0,0,0,7.8958,0,1,0,0,1,3492314.0,0
648,1.0,1,56.0,0,0,35.5,0,1,1,0,0,132134.0,1026
649,0.0,3,29.0,0,0,7.55,0,1,0,0,1,75140.0,0
650,1.0,3,23.0,0,0,7.55,1,0,0,0,1,231427.0,0
651,0.0,3,29.0,0,0,7.8958,0,1,0,0,1,3492214.0,0
652,1.0,2,18.0,0,1,23.0,1,0,0,0,1,2319194.0,0
653,0.0,3,21.0,0,0,8.4333,0,1,0,0,1,84754.0,0
654,1.0,3,29.0,0,0,7.8292,1,0,0,1,0,3309194.0,0
655,0.0,3,18.0,0,0,6.75,1,0,0,1,0,3652264.0,0
656,0.0,2,24.0,2,0,73.5,0,1,0,0,1,1487914.0,0
657,0.0,3,29.0,0,0,7.8958,0,1,0,0,1,3492234.0,0
658,0.0,3,32.0,1,1,15.5,1,0,0,1,0,3648494.0,0
659,0.0,2,23.0,0,0,13.0,0,1,0,0,1,297514.0,0
660,0.0,1,58.0,0,2,113.275,0,1,1,0,0,352734.0,4048
661,1.0,1,50.0,2,0,133.65,0,1,0,0,1,176112.0,0
662,0.0,3,40.0,0,0,7.225,0,1,1,0,0,26234.0,0
663,0.0,1,47.0,0,0,25.5875,0,1,0,0,1,57274.0,5058
664,0.0,3,36.0,0,0,7.4958,0,1,0,0,1,3492104.0,0
665,1.0,3,20.0,1,0,7.925,0,1,0,0,1,2.19,0
666,0.0,2,32.0,2,0,73.5,0,1,0,0,1,1487914.0,0
667,0.0,2,25.0,0,0,13.0,0,1,0,0,1,2346864.0,0
668,0.0,3,29.0,0,0,7.775,0,1,0,0,1,3129934.0,0
669,0.0,3,43.0,0,0,8.05,0,1,0,0,1,35361.0,0
670,1.0,1,29.0,1,0,52.0,1,0,0,0,1,199964.0,30126
671,1.0,2,40.0,1,1,39.0,1,0,0,0,1,297504.0,0
672,0.0,1,31.0,1,0,52.0,0,1,0,0,1,1275041.0,2071
673,0.0,2,70.0,0,0,10.5,0,1,0,0,1,245807.0,0
674,1.0,2,31.0,0,0,13.0,0,1,0,0,1,2442704.0,0
675,0.0,2,29.0,0,0,0.0,0,1,0,0,1,2398564.0,0
676,0.0,3,18.0,0,0,7.775,0,1,0,0,1,3499124.0,0
677,0.0,3,24.5,0,0,8.05,0,1,0,0,1,3428264.0,0
678,1.0,3,18.0,0,0,9.8417,1,0,0,0,1,41384.0,0
679,0.0,3,43.0,1,6,46.9,1,0,0,0,1,214412.0,0
680,1.0,1,36.0,0,1,512.3292,0,1,1,0,0,177552.0,2051
681,0.0,3,29.0,0,0,8.1375,1,0,0,1,0,3309354.0,0
682,1.0,1,27.0,0,0,76.7292,0,1,1,0,0,175722.0,4049
683,0.0,3,20.0,0,0,9.225,0,1,0,0,1,65634.0,0
684,0.0,3,14.0,5,2,46.9,0,1,0,0,1,214412.0,0
685,0.0,2,60.0,1,1,39.0,0,1,0,0,1,297504.0,0
686,0.0,2,25.0,1,2,41.5792,0,1,1,0,0,21239.0,0
687,0.0,3,14.0,4,1,39.6875,0,1,0,0,1,31012954.0,0
688,0.0,3,19.0,0,0,10.1708,0,1,0,0,1,3492284.0,0
689,0.0,3,18.0,0,0,7.7958,0,1,0,0,1,3500364.0,0
690,1.0,1,15.0,0,1,211.3375,1,0,0,0,1,241604.0,205
691,1.0,1,31.0,1,0,57.0,0,1,0,0,1,174744.0,2020
692,1.0,3,4.0,0,1,13.4167,1,0,1,0,0,3492564.0,0
693,1.0,3,29.0,0,0,56.4958,0,1,0,0,1,16014.0,0
694,0.0,3,25.0,0,0,7.225,0,1,1,0,0,26724.0,0
695,0.0,1,60.0,0,0,26.55,0,1,0,0,1,1138004.0,0
696,0.0,2,52.0,0,0,13.5,0,1,0,0,1,2487314.0,0
697,0.0,3,44.0,0,0,8.05,0,1,0,0,1,3635924.0,0
698,1.0,3,29.0,0,0,7.7333,1,0,0,1,0,358524.0,0
699,0.0,1,49.0,1,1,110.8833,0,1,1,0,0,174214.0,3068
700,0.0,3,42.0,0,0,7.65,0,1,0,0,1,3481214.0,6063
701,1.0,1,18.0,1,0,227.525,1,0,1,0,0,177572.0,3062
702,1.0,1,35.0,0,0,26.2875,0,1,0,0,1,174752.0,5024
703,0.0,3,18.0,0,1,14.4542,1,0,1,0,0,26914.0,0
704,0.0,3,25.0,0,0,7.7417,0,1,0,1,0,368644.0,0
705,0.0,3,26.0,1,0,7.8542,0,1,0,0,1,3500254.0,0
706,0.0,2,39.0,0,0,26.0,0,1,0,0,1,2506554.0,0
707,1.0,2,45.0,0,0,13.5,1,0,0,0,1,2235964.0,0
708,1.0,1,42.0,0,0,26.2875,0,1,0,0,1,174762.0,5024
709,1.0,1,22.0,0,0,151.55,1,0,0,0,1,1137814.0,0
710,1.0,3,29.0,1,1,15.2458,0,1,1,0,0,26614.0,0
711,1.0,1,24.0,0,0,49.5042,1,0,1,0,0,174822.0,3090
712,0.0,1,29.0,0,0,26.55,0,1,0,0,1,1130284.0,30124
713,1.0,1,48.0,1,0,52.0,0,1,0,0,1,199964.0,30126
714,0.0,3,29.0,0,0,9.4833,0,1,0,0,1,75454.0,0
715,0.0,2,52.0,0,0,13.0,0,1,0,0,1,2506474.0,0
716,0.0,3,19.0,0,0,7.65,0,1,0,0,1,3481244.0,6073
717,1.0,1,38.0,0,0,227.525,1,0,1,0,0,177572.0,3045
718,1.0,2,27.0,0,0,10.5,1,0,0,0,1,342184.0,50101
719,0.0,3,29.0,0,0,15.5,0,1,0,1,0,365684.0,0
720,0.0,3,33.0,0,0,7.775,0,1,0,0,1,3470624.0,0
721,1.0,2,6.0,0,1,33.0,1,0,0,0,1,2487274.0,0
722,0.0,3,17.0,1,0,7.0542,0,1,0,0,1,3500484.0,0
723,0.0,2,34.0,0,0,13.0,0,1,0,0,1,122334.0,0
724,0.0,2,50.0,0,0,13.0,0,1,0,0,1,2506434.0,0
725,1.0,1,27.0,1,0,53.1,0,1,0,0,1,1138064.0,508
726,0.0,3,20.0,0,0,8.6625,0,1,0,0,1,3150944.0,0
727,1.0,2,30.0,3,0,21.0,1,0,0,0,1,310274.0,0
728,1.0,3,29.0,0,0,7.7375,1,0,0,1,0,368664.0,0
729,0.0,2,25.0,1,0,26.0,0,1,0,0,1,2368534.0,0
730,0.0,3,25.0,1,0,7.925,1,0,0,0,1,31012713.0,0
731,1.0,1,29.0,0,0,211.3375,1,0,0,0,1,241604.0,205
732,0.0,3,11.0,0,0,18.7875,0,1,1,0,0,26994.0,0
733,0.0,2,29.0,0,0,0.0,0,1,0,0,1,2398554.0,0
734,0.0,2,23.0,0,0,13.0,0,1,0,0,1,284254.0,0
735,0.0,2,23.0,0,0,13.0,0,1,0,0,1,2336394.0,0
736,0.0,3,28.5,0,0,16.1,0,1,0,0,1,546364.0,0
737,0.0,3,48.0,1,3,34.375,1,0,0,0,1,660816.0,0
738,1.0,1,35.0,0,0,512.3292,0,1,1,0,0,177552.0,20101
739,0.0,3,29.0,0,0,7.8958,0,1,0,0,1,3492014.0,0
740,0.0,3,29.0,0,0,7.8958,0,1,0,0,1,3492184.0,0
741,1.0,1,29.0,0,0,30.0,0,1,0,0,1,169884.0,4045
742,0.0,1,36.0,1,0,78.85,0,1,0,0,1,198774.0,3046
743,1.0,1,21.0,2,2,262.375,1,0,1,0,0,176082.0,2057
744,0.0,3,24.0,1,0,16.1,0,1,0,0,1,3765664.0,0
745,1.0,3,31.0,0,0,7.925,0,1,0,0,1,2.19,0
746,0.0,1,70.0,1,1,71.0,0,1,0,0,1,573538.0,2022
747,0.0,3,16.0,1,1,20.25,0,1,0,0,1,26737.0,0
748,1.0,2,30.0,0,0,13.0,1,0,0,0,1,2506484.0,0
749,0.0,1,19.0,1,0,53.1,0,1,0,0,1,1137734.0,4030
750,0.0,3,31.0,0,0,7.75,0,1,0,1,0,3350974.0,0
751,1.0,2,4.0,1,1,23.0,1,0,0,0,1,291034.0,0
752,1.0,3,6.0,0,1,12.475,0,1,0,0,1,3920964.0,50121
753,0.0,3,33.0,0,0,9.5,0,1,0,0,1,3457804.0,0
754,0.0,3,23.0,0,0,7.8958,0,1,0,0,1,3492044.0,0
755,1.0,2,48.0,1,2,65.0,1,0,0,0,1,2208454.0,0
756,1.0,2,0.67,1,1,14.5,0,1,0,0,1,2506494.0,0
757,0.0,3,28.0,0,0,7.7958,0,1,0,0,1,3500424.0,0
758,0.0,2,18.0,0,0,11.5,0,1,0,0,1,291084.0,0
759,0.0,3,34.0,0,0,8.05,0,1,0,0,1,3632944.0,0
760,1.0,1,33.0,0,0,86.5,1,0,0,0,1,1101524.0,2077
761,0.0,3,29.0,0,0,14.5,0,1,0,0,1,3585854.0,0
762,0.0,3,41.0,0,0,7.125,0,1,0,0,1,310127242.0,0
763,1.0,3,20.0,0,0,7.2292,0,1,1,0,0,26634.0,0
764,1.0,1,36.0,1,2,120.0,1,0,0,0,1,1137604.0,2096
765,0.0,3,16.0,0,0,7.775,0,1,0,0,1,3470744.0,0
766,1.0,1,51.0,1,0,77.9583,1,0,0,0,1,135024.0,4011
767,0.0,1,29.0,0,0,39.6,0,1,1,0,0,1123794.0,0
768,0.0,3,30.5,0,0,7.75,1,0,0,1,0,3648504.0,0
769,0.0,3,29.0,1,0,24.15,0,1,0,1,0,3711104.0,0
770,0.0,3,32.0,0,0,8.3625,0,1,0,0,1,84714.0,0
771,0.0,3,24.0,0,0,9.5,0,1,0,0,1,3457814.0,0
772,0.0,3,48.0,0,0,7.8542,0,1,0,0,1,3500474.0,0
773,0.0,2,57.0,0,0,10.5,1,0,0,0,1,340.0,5077
774,0.0,3,29.0,0,0,7.225,0,1,1,0,0,26744.0,0
775,1.0,2,54.0,1,3,23.0,1,0,0,0,1,291054.0,0
776,0.0,3,18.0,0,0,7.75,0,1,0,0,1,3470784.0,0
777,0.0,3,29.0,0,0,7.75,0,1,0,1,0,3831214.0,6038
778,1.0,3,5.0,0,0,12.475,1,0,0,0,1,3645164.0,0
779,0.0,3,29.0,0,0,7.7375,0,1,0,1,0,368654.0,0
780,1.0,1,43.0,0,1,211.3375,1,0,0,0,1,241604.0,203
781,1.0,3,13.0,0,0,7.2292,1,0,1,0,0,26874.0,0
782,1.0,1,17.0,1,0,57.0,1,0,0,0,1,174744.0,2020
783,0.0,1,29.0,0,0,30.0,0,1,0,0,1,1135014.0,406
784,0.0,3,29.0,1,2,23.45,0,1,0,0,1,660716.0,0
785,0.0,3,25.0,0,0,7.05,0,1,0,0,1,310131222.0,0
786,0.0,3,25.0,0,0,7.25,0,1,0,0,1,3748874.0,0
787,1.0,3,18.0,0,0,7.4958,1,0,0,0,1,31012654.0,0
788,0.0,3,8.0,4,1,29.125,0,1,0,1,0,3826524.0,0
789,1.0,3,1.0,1,2,20.575,0,1,0,0,1,23157.0,0
790,0.0,1,46.0,0,0,79.2,0,1,1,0,0,175932.0,2082
791,0.0,3,29.0,0,0,7.75,0,1,0,1,0,124604.0,0
792,0.0,2,16.0,0,0,26.0,0,1,0,0,1,2398654.0,0
793,0.0,3,29.0,8,2,69.55,1,0,0,0,1,234327.0,0
794,0.0,1,29.0,0,0,30.6958,0,1,1,0,0,176002.0,0
795,0.0,3,25.0,0,0,7.8958,0,1,0,0,1,3492034.0,0
796,0.0,2,39.0,0,0,13.0,0,1,0,0,1,282134.0,0
797,1.0,1,49.0,0,0,25.9292,1,0,0,0,1,174654.0,4017
798,1.0,3,31.0,0,0,8.6833,1,0,0,0,1,3492444.0,0
799,0.0,3,30.0,0,0,7.2292,0,1,1,0,0,26854.0,0
800,0.0,3,30.0,1,1,24.15,1,0,0,0,1,3457734.0,0
801,0.0,2,34.0,0,0,13.0,0,1,0,0,1,2506474.0,0
802,1.0,2,31.0,1,1,26.25,1,0,0,0,1,319217.0,0
803,1.0,1,11.0,1,2,120.0,0,1,0,0,1,1137604.0,2096
804,1.0,3,0.42,0,1,8.5167,0,1,1,0,0,26254.0,0
805,1.0,3,27.0,0,0,6.975,0,1,0,0,1,3470894.0,0
806,0.0,3,31.0,0,0,7.775,0,1,0,0,1,3470634.0,0
807,0.0,1,39.0,0,0,0.0,0,1,0,0,1,1120504.0,1036
808,0.0,3,18.0,0,0,7.775,1,0,0,0,1,3470874.0,0
809,0.0,2,39.0,0,0,13.0,0,1,0,0,1,2487234.0,0
810,1.0,1,33.0,1,0,53.1,1,0,0,0,1,1138064.0,508
811,0.0,3,26.0,0,0,7.8875,0,1,0,0,1,34744.0,0
812,0.0,3,39.0,0,0,24.15,0,1,0,0,1,4887137.0,0
813,0.0,2,35.0,0,0,10.5,0,1,0,0,1,282064.0,0
814,0.0,3,6.0,4,2,31.275,1,0,0,0,1,3470824.0,0
815,0.0,3,30.5,0,0,8.05,0,1,0,0,1,3644994.0,0
816,0.0,1,29.0,0,0,0.0,0,1,0,0,1,1120584.0,20102
817,0.0,3,23.0,0,0,7.925,1,0,0,0,1,31012903.0,0
818,0.0,2,31.0,1,1,37.0042,0,1,1,0,0,207943.0,0
819,0.0,3,43.0,0,0,6.45,0,1,0,0,1,707521.0,0
820,0.0,3,10.0,3,2,27.9,0,1,0,0,1,3470884.0,0
821,1.0,1,52.0,1,1,93.5,1,0,0,0,1,127494.0,2069
822,1.0,3,27.0,0,0,8.6625,0,1,0,0,1,3150984.0,0
823,0.0,1,38.0,0,0,0.0,0,1,0,0,1,199724.0,0
824,1.0,3,27.0,0,1,12.475,1,0,0,0,1,3920964.0,50121
825,0.0,3,2.0,4,1,39.6875,0,1,0,0,1,31012954.0,0
826,0.0,3,29.0,0,0,6.95,0,1,0,1,0,3683234.0,0
827,0.0,3,29.0,0,0,56.4958,0,1,0,0,1,16014.0,0
828,1.0,2,1.0,0,2,37.0042,0,1,1,0,0,207943.0,0
829,1.0,3,29.0,0,0,7.75,0,1,0,1,0,3672284.0,0
830,1.0,1,62.0,0,0,80.0,1,0,0,0,1,1135724.0,2028
831,1.0,3,15.0,1,0,14.4542,1,0,1,0,0,26594.0,0
832,1.0,2,0.83,1,1,18.75,0,1,0,0,1,291064.0,0
833,0.0,3,29.0,0,0,7.2292,0,1,1,0,0,26714.0,0
834,0.0,3,23.0,0,0,7.8542,0,1,0,0,1,3474684.0,0
835,0.0,3,18.0,0,0,8.3,0,1,0,0,1,22234.0,0
836,1.0,1,39.0,1,1,83.1583,1,0,1,0,0,177562.0,5049
837,0.0,3,21.0,0,0,8.6625,0,1,0,0,1,3150974.0,0
838,0.0,3,29.0,0,0,8.05,0,1,0,0,1,3920924.0,0
839,1.0,3,32.0,0,0,56.4958,0,1,0,0,1,16014.0,0
840,1.0,1,29.0,0,0,29.7,0,1,1,0,0,117744.0,3047
841,0.0,3,20.0,0,0,7.925,0,1,0,0,1,310128742.0,0
842,0.0,2,16.0,0,0,10.5,0,1,0,0,1,340.0,0
843,1.0,1,30.0,0,0,31.0,1,0,1,0,0,1137984.0,0
844,0.0,3,34.5,0,0,6.4375,0,1,1,0,0,26834.0,0
845,0.0,3,17.0,0,0,8.6625,0,1,0,0,1,3150904.0,0
846,0.0,3,42.0,0,0,7.55,0,1,0,0,1,55477.0,0
847,0.0,3,29.0,8,2,69.55,0,1,0,0,1,234327.0,0
848,0.0,3,35.0,0,0,7.8958,0,1,1,0,0,3492134.0,0
849,0.0,2,28.0,0,1,33.0,0,1,0,0,1,2487274.0,0
850,1.0,1,29.0,1,0,89.1042,1,0,1,0,0,174534.0,3092
851,0.0,3,4.0,4,2,31.275,0,1,0,0,1,3470824.0,0
852,0.0,3,74.0,0,0,7.775,0,1,0,0,1,3470604.0,0
853,0.0,3,9.0,1,1,15.2458,1,0,1,0,0,26784.0,0
854,1.0,1,16.0,0,1,39.4,1,0,0,0,1,175922.0,4028
855,0.0,2,44.0,1,0,26.0,1,0,0,0,1,2442524.0,0
856,1.0,3,18.0,0,1,9.35,1,0,0,0,1,3920914.0,0
857,1.0,1,45.0,1,1,164.8667,1,0,0,0,1,369284.0,0
858,1.0,1,51.0,0,0,26.55,0,1,0,0,1,1130554.0,5017
859,1.0,3,24.0,0,3,19.2583,1,0,1,0,0,26664.0,0
860,0.0,3,29.0,0,0,7.2292,0,1,1,0,0,26294.0,0
861,0.0,3,41.0,2,0,14.1083,0,1,0,0,1,3500264.0,0
862,0.0,2,21.0,1,0,11.5,0,1,0,0,1,281344.0,0
863,1.0,1,48.0,0,0,25.9292,1,0,0,0,1,174664.0,4017
864,0.0,3,29.0,8,2,69.55,1,0,0,0,1,234327.0,0
865,0.0,2,24.0,0,0,13.0,0,1,0,0,1,2338664.0,0
866,1.0,2,42.0,0,0,13.0,1,0,0,0,1,2368524.0,0
867,1.0,2,27.0,1,0,13.8583,1,0,1,0,0,214923.0,0
868,0.0,1,31.0,0,0,50.4958,0,1,0,0,1,175902.0,1024
869,0.0,3,29.0,0,0,9.5,0,1,0,0,1,3457774.0,0
870,1.0,3,4.0,1,1,11.1333,0,1,0,0,1,3477424.0,0
871,0.0,3,26.0,0,0,7.8958,0,1,0,0,1,3492484.0,0
872,1.0,1,47.0,1,1,52.5542,1,0,0,0,1,117514.0,4035
873,0.0,1,33.0,0,0,5.0,0,1,0,0,1,6954.0,2051
874,0.0,3,47.0,0,0,9.0,0,1,0,0,1,3457654.0,0
875,1.0,2,28.0,1,0,24.0,1,0,1,0,0,338133.0,0
876,1.0,3,15.0,0,0,7.225,1,0,1,0,0,26674.0,0
877,0.0,3,20.0,0,0,9.8458,0,1,0,0,1,75344.0,0
878,0.0,3,19.0,0,0,7.8958,0,1,0,0,1,3492124.0,0
879,0.0,3,29.0,0,0,7.8958,0,1,0,0,1,3492174.0,0
880,1.0,1,56.0,0,1,83.1583,1,0,1,0,0,117674.0,3050
881,1.0,2,25.0,0,1,26.0,1,0,0,0,1,2304334.0,0
882,0.0,3,33.0,0,0,7.8958,0,1,0,0,1,3492574.0,0
883,0.0,3,22.0,0,0,10.5167,1,0,0,0,1,75524.0,0
884,0.0,2,28.0,0,0,10.5,0,1,0,0,1,3406844.0,0
885,0.0,3,25.0,0,0,7.05,0,1,0,0,1,39207617.0,0
886,0.0,3,39.0,0,5,29.125,1,0,0,1,0,3826524.0,0
887,0.0,2,27.0,0,0,13.0,0,1,0,0,1,2115364.0,0
888,1.0,1,19.0,0,0,30.0,1,0,0,0,1,1120534.0,2042
889,0.0,3,29.0,1,2,23.45,1,0,0,0,1,660716.0,0
890,1.0,1,26.0,0,0,30.0,0,1,1,0,0,1113694.0,30148
891,0.0,3,32.0,0,0,7.75,0,1,0,1,0,3703764.0,0
892,,3,34.5,0,0,7.8292,0,1,0,1,0,3309114.0,0
893,,3,47.0,1,0,7.0,1,0,0,0,1,3632724.0,0
894,,2,62.0,0,0,9.6875,0,1,0,1,0,2402764.0,0
895,,3,27.0,0,0,8.6625,0,1,0,0,1,3151544.0,0
896,,3,22.0,1,1,12.2875,1,0,0,0,1,31012984.0,0
897,,3,14.0,0,0,9.225,0,1,0,0,1,75384.0,0
898,,3,30.0,0,0,7.6292,1,0,0,1,0,3309724.0,0
899,,2,26.0,1,1,29.0,0,1,0,0,1,2487384.0,0
900,,3,18.0,0,0,7.2292,1,0,1,0,0,26574.0,0
901,,3,21.0,2,0,24.15,0,1,0,0,1,4887137.0,0
902,,3,29.0,0,0,7.8958,0,1,0,0,1,3492204.0,0
903,,1,46.0,0,0,26.0,0,1,0,0,1,6944.0,0
904,,1,23.0,1,0,82.2667,1,0,0,0,1,212284.0,2045
905,,2,63.0,1,0,26.0,0,1,0,0,1,240654.0,0
906,,1,47.0,1,0,61.175,1,0,0,0,1,573418.0,5031
907,,2,24.0,1,0,27.7208,1,0,1,0,0,216723.0,0
908,,2,35.0,0,0,12.35,0,1,0,1,0,2337344.0,0
909,,3,21.0,0,0,7.225,0,1,1,0,0,26924.0,0
910,,3,27.0,1,0,7.925,1,0,0,0,1,31012703.0,0
911,,3,45.0,0,0,7.225,1,0,1,0,0,26964.0,0
912,,1,55.0,1,0,59.4,0,1,1,0,0,176032.0,0
913,,3,9.0,0,1,3.1708,0,1,0,0,1,1736821.0,0
914,,1,29.0,0,0,31.6833,1,0,0,0,1,175982.0,0
915,,1,21.0,0,1,61.3792,0,1,1,0,0,175972.0,0
916,,1,48.0,1,3,262.375,1,0,1,0,0,176082.0,2057
917,,3,50.0,1,0,14.5,0,1,0,0,1,33376.0,0
918,,1,22.0,0,1,61.9792,1,0,1,0,0,1135094.0,2036
919,,3,22.5,0,0,7.225,0,1,1,0,0,26984.0,0
920,,1,41.0,0,0,30.5,0,1,0,0,1,1130544.0,1021
921,,3,29.0,2,0,21.6792,0,1,1,0,0,26624.0,0
922,,2,50.0,1,0,26.0,0,1,0,0,1,308535.0,0
923,,2,24.0,2,0,31.5,0,1,0,0,1,310297.0,0
924,,3,33.0,1,2,20.575,1,0,0,0,1,23157.0,0
925,,3,29.0,1,2,23.45,1,0,0,0,1,660716.0,0
926,,1,30.0,1,0,57.75,0,1,1,0,0,132364.0,3078
927,,3,18.5,0,0,7.2292,0,1,1,0,0,26824.0,0
928,,3,29.0,0,0,8.05,1,0,0,0,1,3427124.0,0
929,,3,21.0,0,0,8.6625,1,0,0,0,1,3150874.0,0
930,,3,25.0,0,0,9.5,0,1,0,0,1,3457684.0,0
931,,3,29.0,0,0,56.4958,0,1,0,0,1,16014.0,0
932,,3,39.0,0,1,13.4167,0,1,1,0,0,3492564.0,0
933,,1,29.0,0,0,26.55,0,1,0,0,1,1137784.0,4034
934,,3,41.0,0,0,7.85,0,1,0,0,1,310126322.0,0
935,,2,30.0,0,0,13.0,1,0,0,0,1,2372494.0,0
936,,1,45.0,1,0,52.5542,1,0,0,0,1,117534.0,4019
937,,3,25.0,0,0,7.925,0,1,0,0,1,2.19,0
938,,1,45.0,0,0,29.7,0,1,1,0,0,175942.0,109
939,,3,29.0,0,0,7.75,0,1,0,1,0,3703744.0,0
940,,1,60.0,0,0,76.2917,1,0,1,0,0,118134.0,4015
941,,3,36.0,0,2,15.9,1,0,0,0,1,376717.0,0
942,,1,24.0,1,0,60.0,0,1,0,0,1,136954.0,3031
943,,2,27.0,0,0,15.0333,0,1,1,0,0,216823.0,0
944,,2,20.0,2,1,23.0,1,0,0,0,1,291054.0,0
945,,1,28.0,3,2,263.0,1,0,0,0,1,199504.0,3023
946,,2,29.0,0,0,15.5792,0,1,1,0,0,286145.0,0
947,,3,10.0,4,1,29.125,0,1,0,1,0,3826524.0,0
948,,3,35.0,0,0,7.8958,0,1,0,0,1,3492304.0,0
949,,3,25.0,0,0,7.65,0,1,0,0,1,3481224.0,6063
950,,3,29.0,1,0,16.1,0,1,0,0,1,3865254.0,0
951,,1,36.0,0,0,262.375,1,0,1,0,0,176082.0,2061
952,,3,17.0,0,0,7.8958,0,1,0,0,1,3492324.0,0
953,,2,32.0,0,0,13.5,0,1,0,0,1,2372164.0,0
954,,3,18.0,0,0,7.75,0,1,0,0,1,3470904.0,0
955,,3,22.0,0,0,7.725,1,0,0,1,0,3349144.0,0
956,,1,13.0,2,2,262.375,0,1,1,0,0,176082.0,2057
957,,2,29.0,0,0,21.0,1,0,0,0,1,1353429.0,0
958,,3,18.0,0,0,7.8792,1,0,0,1,0,3309634.0,0
959,,1,47.0,0,0,42.4,0,1,0,0,1,1137964.0,0
960,,1,31.0,0,0,28.5375,0,1,1,0,0,25434.0,3053
961,,1,60.0,1,4,263.0,1,0,0,0,1,199504.0,3023
962,,3,24.0,0,0,7.75,1,0,0,1,0,3826534.0,0
963,,3,21.0,0,0,7.8958,0,1,0,0,1,3492114.0,0
964,,3,29.0,0,0,7.925,1,0,0,0,1,31012974.0,0
965,,1,28.5,0,0,27.7208,0,1,1,0,0,175622.0,4043
966,,1,35.0,0,0,211.5,1,0,1,0,0,1135034.0,30130
967,,1,32.5,0,0,211.5,0,1,1,0,0,1135034.0,30132
968,,3,29.0,0,0,8.05,0,1,0,0,1,3593064.0,0
969,,1,55.0,2,0,25.7,1,0,0,0,1,117704.0,30101
970,,2,30.0,0,0,13.0,0,1,0,0,1,2487444.0,0
971,,3,24.0,0,0,7.75,1,0,0,1,0,3687024.0,0
972,,3,6.0,1,1,15.2458,0,1,1,0,0,26784.0,0
973,,1,67.0,1,0,221.7792,0,1,0,0,1,174832.0,3055
974,,1,49.0,0,0,26.0,0,1,0,0,1,199244.0,0
975,,3,29.0,0,0,7.8958,0,1,0,0,1,3492384.0,0
976,,2,29.0,0,0,10.7083,0,1,0,1,0,2402614.0,0
977,,3,29.0,1,0,14.4542,0,1,1,0,0,26604.0,0
978,,3,27.0,0,0,7.8792,1,0,0,1,0,3308444.0,0
979,,3,18.0,0,0,8.05,1,0,0,0,1,3141637.0,0
980,,3,29.0,0,0,7.75,1,0,0,1,0,3648564.0,0
981,,2,2.0,1,1,23.0,0,1,0,0,1,291034.0,0
982,,3,22.0,1,0,13.9,1,0,0,0,1,3470724.0,0
983,,3,29.0,0,0,7.775,0,1,0,0,1,3454984.0,0
984,,1,27.0,1,2,52.0,1,0,0,0,1,1275041.0,2071
985,,3,29.0,0,0,8.05,0,1,0,0,1,3765634.0,0
986,,1,25.0,0,0,26.0,0,1,1,0,0,139054.0,0
987,,3,25.0,0,0,7.7958,0,1,0,0,1,3500334.0,0
988,,1,76.0,1,0,78.85,1,0,0,0,1,198774.0,3046
989,,3,29.0,0,0,7.925,0,1,0,0,1,2.19,0
990,,3,20.0,0,0,7.8542,1,0,0,0,1,3474714.0,0
991,,3,33.0,0,0,8.05,0,1,0,0,1,33388.0,0
992,,1,43.0,1,0,55.4417,1,0,1,0,0,117784.0,30116
993,,2,27.0,1,0,26.0,0,1,0,0,1,2284144.0,0
994,,3,29.0,0,0,7.75,0,1,0,1,0,3652354.0,0
995,,3,26.0,0,0,7.775,0,1,0,0,1,3470704.0,0
996,,3,16.0,1,1,8.5167,1,0,1,0,0,26254.0,0
997,,3,28.0,0,0,22.525,0,1,0,0,1,400121.0,0
998,,3,21.0,0,0,7.8208,0,1,0,1,0,3309204.0,0
999,,3,29.0,0,0,7.75,0,1,0,1,0,3831624.0,0
1000,,3,29.0,0,0,8.7125,0,1,0,0,1,34104.0,0
1001,,2,18.5,0,0,13.0,0,1,0,0,1,2487344.0,60
1002,,2,41.0,0,0,15.0458,0,1,1,0,0,2377344.0,0
1003,,3,29.0,0,0,7.7792,1,0,0,1,0,3309684.0,0
1004,,1,36.0,0,0,31.6792,1,0,1,0,0,175312.0,1029
1005,,3,18.5,0,0,7.2833,1,0,0,1,0,3299444.0,0
1006,,1,63.0,1,0,221.7792,1,0,0,0,1,174832.0,3055
1007,,3,18.0,1,0,14.4542,0,1,1,0,0,26804.0,0
1008,,3,29.0,0,0,6.4375,0,1,1,0,0,26814.0,0
1009,,3,1.0,1,1,16.7,1,0,0,0,1,95495.0,706
1010,,1,36.0,0,0,75.2417,0,1,1,0,0,130504.0,306
1011,,2,29.0,1,0,26.0,1,0,0,0,1,2903735.0,0
1012,,2,12.0,0,0,15.75,1,0,0,0,1,335957.0,0
1013,,3,29.0,1,0,7.75,0,1,0,1,0,3672274.0,0
1014,,1,35.0,1,0,57.75,1,0,1,0,0,132364.0,3028
1015,,3,28.0,0,0,7.25,0,1,0,0,1,3920954.0,0
1016,,3,29.0,0,0,7.75,0,1,0,1,0,3687834.0,0
1017,,3,17.0,0,1,16.1,1,0,0,0,1,3713624.0,0
1018,,3,22.0,0,0,7.7958,0,1,0,0,1,3500454.0,0
1019,,3,29.0,2,0,23.25,1,0,0,1,0,3672264.0,0
1020,,2,42.0,0,0,13.0,0,1,0,0,1,2115354.0,0
1021,,3,24.0,0,0,8.05,0,1,0,0,1,3424414.0,0
1022,,3,32.0,0,0,8.05,0,1,0,0,1,36994346.0,0
1023,,1,53.0,0,0,28.5,0,1,1,0,0,1137804.0,3051
1024,,3,29.0,0,4,25.4667,1,0,0,0,1,41334.0,0
1025,,3,29.0,1,0,6.4375,0,1,1,0,0,26214.0,0
1026,,3,43.0,0,0,7.8958,0,1,0,0,1,3492264.0,0
1027,,3,24.0,0,0,7.8542,0,1,0,0,1,3504094.0,0
1028,,3,26.5,0,0,7.225,0,1,1,0,0,26564.0,0
1029,,2,26.0,0,0,13.0,0,1,0,0,1,2486594.0,0
1030,,3,23.0,0,0,8.05,1,0,0,0,1,39208317.0,0
1031,,3,40.0,1,6,46.9,0,1,0,0,1,214412.0,0
1032,,3,10.0,5,2,46.9,1,0,0,0,1,214412.0,0
1033,,1,33.0,0,0,151.55,1,0,0,0,1,1137814.0,0
1034,,1,61.0,1,3,262.375,0,1,1,0,0,176082.0,2057
1035,,2,28.0,0,0,26.0,0,1,0,0,1,2443584.0,0
1036,,1,42.0,0,0,26.55,0,1,0,0,1,174754.0,0
1037,,3,31.0,3,0,18.0,0,1,0,0,1,3457634.0,0
1038,,1,29.0,0,0,51.8625,0,1,0,0,1,174634.0,5046
1039,,3,22.0,0,0,8.05,0,1,0,0,1,2356847.0,0
1040,,1,29.0,0,0,26.55,0,1,0,0,1,1137914.0,0
1041,,2,30.0,1,1,26.0,0,1,0,0,1,2506514.0,0
1042,,1,23.0,0,1,83.1583,1,0,1,0,0,117674.0,3054
1043,,3,29.0,0,0,7.8958,0,1,1,0,0,3492554.0,0
1044,,3,60.5,0,0,33.0,0,1,0,0,1,37014.0,0
1045,,3,36.0,0,2,12.1833,1,0,0,0,1,3504054.0,0
1046,,3,13.0,4,2,31.3875,0,1,0,0,1,3470774.0,0
1047,,3,24.0,0,0,7.55,0,1,0,0,1,75240.0,0
1048,,1,29.0,0,0,221.7792,1,0,0,0,1,174832.0,3097
1049,,3,23.0,0,0,7.8542,1,0,0,0,1,3474694.0,0
1050,,1,42.0,0,0,26.55,0,1,0,0,1,1104894.0,4022
1051,,3,26.0,0,2,13.775,1,0,0,0,1,310131522.0,0
1052,,3,29.0,0,0,7.7333,1,0,0,1,0,3354324.0,0
1053,,3,7.0,1,1,15.2458,0,1,1,0,0,26504.0,0
1054,,2,26.0,0,0,13.5,1,0,0,0,1,2208444.0,0
1055,,3,29.0,0,0,7.0,0,1,0,0,1,3432714.0,0
1056,,2,41.0,0,0,13.0,0,1,0,0,1,2373934.0,0
1057,,3,26.0,1,1,22.025,1,0,0,0,1,3151534.0,0
1058,,1,48.0,0,0,50.4958,0,1,1,0,0,175912.0,2010
1059,,3,18.0,2,2,34.375,0,1,0,0,1,660816.0,0
1060,,1,29.0,0,0,27.7208,1,0,1,0,0,177704.0,0
1061,,3,22.0,0,0,8.9625,1,0,0,0,1,75484.0,0
1062,,3,29.0,0,0,7.55,0,1,0,0,1,25140.0,0
1063,,3,27.0,0,0,7.225,0,1,1,0,0,26704.0,0
1064,,3,23.0,1,0,13.9,0,1,0,0,1,3470724.0,0
1065,,3,29.0,0,0,7.2292,0,1,1,0,0,26734.0,0
1066,,3,40.0,1,5,31.3875,0,1,0,0,1,3470774.0,0
1067,,2,15.0,0,2,39.0,1,0,0,0,1,297504.0,0
1068,,2,20.0,0,0,36.75,1,0,0,0,1,331127.0,0
1069,,1,54.0,1,0,55.4417,0,1,1,0,0,117784.0,30116
1070,,2,36.0,0,3,39.0,1,0,0,0,1,2301364.0,604
1071,,1,64.0,0,2,83.1583,1,0,1,0,0,177562.0,5045
1072,,2,30.0,0,0,13.0,0,1,0,0,1,2334784.0,0
1073,,1,37.0,1,1,83.1583,0,1,1,0,0,177562.0,5052
1074,,1,18.0,1,0,53.1,1,0,0,0,1,1137734.0,4030
1075,,3,29.0,0,0,7.75,0,1,0,1,0,79354.0,0
1076,,1,27.0,1,1,247.5208,1,0,1,0,0,175582.0,2058
1077,,2,40.0,0,0,16.0,0,1,0,0,1,2390594.0,0
1078,,2,21.0,0,1,21.0,1,0,0,0,1,240.0,0
1079,,3,17.0,2,0,8.05,0,1,0,0,1,4887337.0,0
1080,,3,29.0,8,2,69.55,1,0,0,0,1,234327.0,0
1081,,2,40.0,0,0,13.0,0,1,0,0,1,282214.0,0
1082,,2,34.0,1,0,26.0,0,1,0,0,1,2268754.0,0
1083,,1,29.0,0,0,26.0,0,1,0,0,1,1111634.0,0
1084,,3,11.5,1,1,14.5,0,1,0,0,1,8516.0,0
1085,,2,61.0,0,0,12.35,0,1,0,1,0,2355094.0,0
1086,,2,8.0,0,2,32.5,0,1,0,0,1,282204.0,0
1087,,3,33.0,0,0,7.8542,0,1,0,0,1,3474654.0,0
1088,,1,6.0,0,2,134.5,0,1,1,0,0,169664.0,5034
1089,,3,18.0,0,0,7.775,1,0,0,0,1,3470664.0,0
1090,,2,23.0,0,0,10.5,0,1,0,0,1,310307.0,0
1091,,3,29.0,0,0,8.1125,1,0,0,0,1,653054.0,0
1092,,3,29.0,0,0,15.5,1,0,0,1,0,365684.0,0
1093,,3,0.33,0,2,14.4,0,1,0,0,1,3470804.0,0
1094,,1,47.0,1,0,227.525,0,1,1,0,0,177572.0,3062
1095,,2,8.0,1,1,26.0,1,0,0,0,1,263604.0,0
1096,,2,25.0,0,0,10.5,0,1,0,0,1,340507.0,0
1097,,1,29.0,0,0,25.7417,0,1,1,0,0,1299841.0,0
1098,,3,35.0,0,0,7.75,1,0,0,1,0,92324.0,0
1099,,2,24.0,0,0,10.5,0,1,0,0,1,280344.0,0
1100,,1,33.0,0,0,27.7208,1,0,1,0,0,176132.0,1011
1101,,3,25.0,0,0,7.8958,0,1,0,0,1,3492504.0,0
1102,,3,32.0,0,0,22.525,0,1,0,0,1,400121.0,0
1103,,3,29.0,0,0,7.05,0,1,0,0,1,310130822.0,0
1104,,2,17.0,0,0,73.5,0,1,0,0,1,1487914.0,0
1105,,2,60.0,1,0,26.0,1,0,0,0,1,240654.0,0
1106,,3,38.0,4,2,7.775,1,0,0,0,1,3470914.0,0
1107,,1,42.0,0,0,42.5,0,1,0,0,1,1130384.0,2011
1108,,3,29.0,0,0,7.8792,1,0,0,1,0,3309244.0,0
1109,,1,57.0,1,1,164.8667,0,1,0,0,1,369284.0,0
1110,,1,50.0,1,1,211.5,1,0,1,0,0,1135034.0,3080
1111,,3,29.0,0,0,8.05,0,1,0,0,1,323024.0,0
1112,,2,30.0,1,0,13.8583,1,0,1,0,0,214823.0,0
1113,,3,21.0,0,0,8.05,0,1,0,0,1,3426844.0,0
1114,,2,22.0,0,0,10.5,1,0,0,0,1,1426616.0,6033
1115,,3,21.0,0,0,7.7958,0,1,0,0,1,3500534.0,0
1116,,1,53.0,0,0,27.4458,1,0,1,0,0,176062.0,0
1117,,3,29.0,0,2,15.2458,1,0,1,0,0,26614.0,0
1118,,3,23.0,0,0,7.7958,0,1,0,0,1,3500544.0,0
1119,,3,29.0,0,0,7.75,1,0,0,1,0,3703684.0,0
1120,,3,40.5,0,0,15.1,0,1,0,0,1,62127.0,0
1121,,2,36.0,0,0,13.0,0,1,0,0,1,2429634.0,0
1122,,2,14.0,0,0,65.0,0,1,0,0,1,2208454.0,0
1123,,1,21.0,0,0,26.55,1,0,0,0,1,1137954.0,0
1124,,3,21.0,1,0,6.4958,0,1,0,0,1,31012664.0,0
1125,,3,29.0,0,0,7.8792,0,1,0,1,0,3309714.0,0
1126,,1,39.0,1,0,71.2833,0,1,1,0,0,175992.0,3085
1127,,3,20.0,0,0,7.8542,0,1,0,0,1,3504164.0,0
1128,,1,64.0,1,0,75.25,0,1,1,0,0,1108134.0,4037
1129,,3,20.0,0,0,7.225,0,1,1,0,0,26794.0,0
1130,,2,18.0,1,1,13.0,1,0,0,0,1,2506504.0,0
1131,,1,48.0,1,0,106.425,1,0,1,0,0,177612.0,3086
1132,,1,55.0,0,0,27.7208,1,0,1,0,0,1123774.0,0
1133,,2,45.0,0,2,30.0,1,0,0,0,1,2377894.0,0
1134,,1,45.0,1,1,134.5,0,1,1,0,0,169664.0,5034
1135,,3,29.0,0,0,7.8875,0,1,0,0,1,34704.0,0
1136,,3,29.0,1,2,23.45,0,1,0,0,1,660716.0,0
1137,,1,41.0,1,0,51.8625,0,1,0,0,1,174644.0,4021
1138,,2,22.0,0,0,21.0,1,0,0,0,1,1353429.0,0
1139,,2,42.0,1,1,32.5,0,1,0,0,1,282204.0,0
1140,,2,29.0,1,0,26.0,1,0,0,0,1,267074.0,0
1141,,3,29.0,1,0,14.4542,1,0,1,0,0,26604.0,0
1142,,2,0.92,1,2,27.75,1,0,0,0,1,346517.0,0
1143,,3,20.0,0,0,7.925,0,1,0,0,1,310128442.0,0
1144,,1,27.0,1,0,136.7792,0,1,1,0,0,135084.0,3089
1145,,3,24.0,0,0,9.325,0,1,0,0,1,72664.0,0
1146,,3,32.5,0,0,9.5,0,1,0,0,1,3457754.0,0
1147,,3,29.0,0,0,7.55,0,1,0,0,1,427957.0,0
1148,,3,29.0,0,0,7.75,0,1,0,1,0,313048.0,0
1149,,3,28.0,0,0,8.05,0,1,0,0,1,3636114.0,0
1150,,2,19.0,0,0,13.0,1,0,0,0,1,284044.0,0
1151,,3,21.0,0,0,7.775,0,1,0,0,1,3455014.0,0
1152,,3,36.5,1,0,17.4,0,1,0,0,1,3455724.0,0
1153,,3,21.0,0,0,7.8542,0,1,0,0,1,3504104.0,0
1154,,2,29.0,0,2,23.0,1,0,0,0,1,291034.0,0
1155,,3,1.0,1,1,12.1833,1,0,0,0,1,3504054.0,0
1156,,2,30.0,0,0,12.7375,0,1,1,0,0,346447.0,0
1157,,3,29.0,0,0,7.8958,0,1,0,0,1,3492354.0,0
1158,,1,29.0,0,0,0.0,0,1,0,0,1,1120514.0,0
1159,,3,29.0,0,0,7.55,0,1,0,0,1,498677.0,0
1160,,3,29.0,0,0,8.05,1,0,0,0,1,2.49,0
1161,,3,17.0,0,0,8.6625,0,1,0,0,1,3150954.0,0
1162,,1,46.0,0,0,75.2417,0,1,1,0,0,130504.0,306
1163,,3,29.0,0,0,7.75,0,1,0,1,0,3685734.0,0
1164,,1,26.0,1,0,136.7792,1,0,1,0,0,135084.0,3089
1165,,3,29.0,1,0,15.5,1,0,0,1,0,3703714.0,0
1166,,3,29.0,0,0,7.225,0,1,1,0,0,26764.0,0
1167,,2,20.0,1,0,26.0,1,0,0,0,1,2368534.0,0
1168,,2,28.0,0,0,10.5,0,1,0,0,1,1488834.0,0
1169,,2,40.0,1,0,26.0,0,1,0,0,1,29264.0,0
1170,,2,30.0,1,0,21.0,0,1,0,0,1,3135212.0,0
1171,,2,22.0,0,0,10.5,0,1,0,0,1,1426016.0,0
1172,,3,23.0,0,0,8.6625,1,0,0,0,1,3150854.0,0
1173,,3,0.75,1,1,13.775,0,1,0,0,1,310131522.0,0
1174,,3,29.0,0,0,7.75,1,0,0,1,0,3648594.0,0
1175,,3,9.0,1,1,15.2458,1,0,1,0,0,26504.0,0
1176,,3,2.0,1,1,20.2125,1,0,0,0,1,3701294.0,0
1177,,3,36.0,0,0,7.25,0,1,0,0,1,211751.0,0
1178,,3,29.0,0,0,7.25,0,1,0,0,1,310131422.0,0
1179,,1,24.0,1,0,82.2667,0,1,0,0,1,212284.0,2045
1180,,3,29.0,0,0,7.2292,0,1,1,0,0,26554.0,6046
1181,,3,29.0,0,0,8.05,0,1,0,0,1,14781.0,0
1182,,1,29.0,0,0,39.6,0,1,0,0,1,176072.0,0
1183,,3,30.0,0,0,6.95,1,0,0,1,0,3826504.0,0
1184,,3,29.0,0,0,7.2292,0,1,1,0,0,26524.0,0
1185,,1,53.0,1,1,81.8583,0,1,0,0,1,336384.0,1034
1186,,3,36.0,0,0,9.5,0,1,0,0,1,3457714.0,0
1187,,3,26.0,0,0,7.8958,0,1,0,0,1,3492024.0,0
1188,,2,1.0,1,2,41.5792,1,0,1,0,0,21239.0,0
1189,,3,29.0,2,0,21.6792,0,1,1,0,0,26624.0,0
1190,,1,30.0,0,0,45.5,0,1,0,0,1,1138014.0,0
1191,,3,29.0,0,0,7.8542,0,1,0,0,1,3474674.0,0
1192,,3,32.0,0,0,7.775,0,1,0,0,1,3470794.0,0
1193,,2,29.0,0,0,15.0458,0,1,1,0,0,2377354.0,40
1194,,2,43.0,0,1,21.0,0,1,0,0,1,240.0,0
1195,,3,24.0,0,0,8.6625,0,1,0,0,1,3150924.0,0
1196,,3,29.0,0,0,7.75,1,0,0,1,0,3831234.0,0
1197,,1,64.0,1,1,26.55,1,0,0,0,1,1129014.0,2026
1198,,1,30.0,1,2,151.55,0,1,0,0,1,1137814.0,3022
1199,,3,0.83,0,1,9.35,0,1,0,0,1,3920914.0,0
1200,,1,55.0,1,1,93.5,0,1,0,0,1,127494.0,2069
1201,,3,45.0,1,0,14.1083,1,0,0,0,1,3500264.0,0
1202,,3,18.0,0,0,8.6625,0,1,0,0,1,3150914.0,0
1203,,3,22.0,0,0,7.225,0,1,1,0,0,26584.0,0
1204,,3,29.0,0,0,7.575,0,1,0,0,1,158850.0,0
1205,,3,37.0,0,0,7.75,1,0,0,1,0,3683644.0,0
1206,,1,55.0,0,0,135.6333,1,0,1,0,0,177602.0,3032
1207,,3,17.0,0,0,7.7333,1,0,0,1,0,3063151.0,0
1208,,1,57.0,1,0,146.5208,0,1,1,0,0,175692.0,2078
1209,,2,19.0,0,0,10.5,0,1,0,0,1,280044.0,0
1210,,3,27.0,0,0,7.8542,0,1,0,0,1,3504084.0,0
1211,,2,22.0,2,0,31.5,0,1,0,0,1,310297.0,0
1212,,3,26.0,0,0,7.775,0,1,0,0,1,3470754.0,0
1213,,3,25.0,0,0,7.2292,0,1,1,0,0,26544.0,6057
1214,,2,26.0,0,0,13.0,0,1,0,0,1,2443684.0,602
1215,,1,33.0,0,0,26.55,0,1,0,0,1,1137904.0,0
1216,,1,39.0,0,0,211.3375,1,0,0,0,1,241604.0,0
1217,,3,23.0,0,0,7.05,0,1,0,0,1,310130922.0,0
1218,,2,12.0,2,1,39.0,1,0,0,0,1,2301364.0,604
1219,,1,46.0,0,0,79.2,0,1,1,0,0,175852.0,0
1220,,2,29.0,1,0,26.0,0,1,0,0,1,20034.0,0
1221,,2,21.0,0,0,13.0,0,1,0,0,1,2368544.0,0
1222,,2,48.0,0,2,36.75,1,0,0,0,1,331127.0,0
1223,,1,39.0,0,0,29.7,0,1,1,0,0,175802.0,1018
1224,,3,29.0,0,0,7.225,0,1,1,0,0,26844.0,0
1225,,3,19.0,1,1,15.7417,1,0,1,0,0,26534.0,0
1226,,3,27.0,0,0,7.8958,0,1,0,0,1,3492294.0,0
1227,,1,30.0,0,0,26.0,0,1,0,0,1,1104694.0,30106
1228,,2,32.0,0,0,13.0,0,1,0,0,1,2443604.0,0
1229,,3,39.0,0,2,7.2292,0,1,1,0,0,26754.0,0
1230,,2,25.0,0,0,31.5,0,1,0,0,1,310297.0,0
1231,,3,29.0,0,0,7.2292,0,1,1,0,0,26224.0,0
1232,,2,18.0,0,0,10.5,0,1,0,0,1,151857.0,0
1233,,3,32.0,0,0,7.5792,0,1,0,0,1,3504034.0,0
1234,,3,29.0,1,9,69.55,0,1,0,0,1,234327.0,0
1235,,1,58.0,0,1,512.3292,1,0,1,0,0,177552.0,2051
1236,,3,29.0,1,1,14.5,0,1,0,0,1,8516.0,0
1237,,3,16.0,0,0,7.65,1,0,0,0,1,3481254.0,0
1238,,2,26.0,0,0,13.0,0,1,0,0,1,2376704.0,0
1239,,3,38.0,0,0,7.2292,1,0,1,0,0,26884.0,0
1240,,2,24.0,0,0,13.5,0,1,0,0,1,2487264.0,0
1241,,2,31.0,0,0,21.0,1,0,0,0,1,1352829.0,0
1242,,1,45.0,0,1,63.3583,1,0,1,0,0,177592.0,4010
1243,,2,25.0,0,0,10.5,0,1,0,0,1,1354029.0,0
1244,,2,18.0,0,0,73.5,0,1,0,0,1,1487914.0,0
1245,,2,49.0,1,2,65.0,0,1,0,0,1,2208454.0,0
1246,,3,0.17,1,2,20.575,1,0,0,0,1,23157.0,0
1247,,1,50.0,0,0,26.0,0,1,0,0,1,1130444.0,5060
1248,,1,59.0,2,0,51.4792,1,0,0,0,1,117694.0,30101
1249,,3,29.0,0,0,7.8792,0,1,0,0,1,12224.0,0
1250,,3,29.0,0,0,7.75,0,1,0,1,0,3684024.0,0
1251,,3,30.0,1,0,15.55,1,0,0,0,1,3499104.0,0
1252,,3,14.5,8,2,69.55,0,1,0,0,1,234327.0,0
1253,,2,24.0,1,1,37.0042,1,0,1,0,0,207943.0,0
1254,,2,31.0,0,0,21.0,1,0,0,0,1,3135212.0,0
1255,,3,27.0,0,0,8.6625,0,1,0,0,1,3150834.0,0
1256,,1,25.0,1,0,55.4417,1,0,1,0,0,117654.0,5050
1257,,3,29.0,1,9,69.55,1,0,0,0,1,234327.0,0
1258,,3,29.0,1,0,14.4583,0,1,1,0,0,26894.0,0
1259,,3,22.0,0,0,39.6875,1,0,0,0,1,31012954.0,0
1260,,1,45.0,0,1,59.4,1,0,1,0,0,1123784.0,0
1261,,2,29.0,0,0,13.8583,0,1,1,0,0,214723.0,0
1262,,2,21.0,1,0,11.5,0,1,0,0,1,281334.0,0
1263,,1,31.0,0,0,134.5,1,0,1,0,0,169664.0,5039
1264,,1,49.0,0,0,0.0,0,1,0,0,1,1120584.0,2052
1265,,2,44.0,0,0,13.0,0,1,0,0,1,2487464.0,0
1266,,1,54.0,1,1,81.8583,1,0,0,0,1,336384.0,1034
1267,,1,45.0,0,0,262.375,1,0,1,0,0,176082.0,0
1268,,3,22.0,2,0,8.6625,1,0,0,0,1,3151524.0,0
1269,,2,21.0,0,0,11.5,0,1,0,0,1,291074.0,0
1270,,1,55.0,0,0,50.0,0,1,0,0,1,6804.0,3039
1271,,3,5.0,4,2,31.3875,0,1,0,0,1,3470774.0,0
1272,,3,29.0,0,0,7.75,0,1,0,1,0,3667134.0,0
1273,,3,26.0,0,0,7.8792,0,1,0,1,0,3309104.0,0
1274,,3,29.0,0,0,14.5,1,0,0,0,1,3644984.0,0
1275,,3,19.0,1,0,16.1,1,0,0,0,1,3765664.0,0
1276,,2,29.0,0,0,12.875,0,1,0,0,1,215923.0,0
1277,,2,24.0,1,2,65.0,1,0,0,0,1,2208454.0,0
1278,,3,24.0,0,0,7.775,0,1,0,0,1,3499114.0,0
1279,,2,57.0,0,0,13.0,0,1,0,0,1,2443464.0,0
1280,,3,21.0,0,0,7.75,0,1,0,1,0,3648584.0,0
1281,,3,6.0,3,1,21.075,0,1,0,0,1,3499094.0,0
1282,,1,23.0,0,0,93.5,0,1,0,0,1,127494.0,2024
1283,,1,51.0,0,1,39.4,1,0,0,0,1,175922.0,4028
1284,,3,13.0,0,2,20.25,0,1,0,0,1,26737.0,0
1285,,2,47.0,0,0,10.5,0,1,0,0,1,307697.0,0
1286,,3,29.0,3,1,22.025,0,1,0,0,1,3151534.0,0
1287,,1,18.0,1,0,60.0,1,0,0,0,1,136954.0,3031
1288,,3,24.0,0,0,7.25,0,1,0,1,0,3711094.0,0
1289,,1,48.0,1,1,79.2,1,0,1,0,0,135674.0,2041
1290,,3,22.0,0,0,7.775,0,1,0,0,1,3470654.0,0
1291,,3,31.0,0,0,7.7333,0,1,0,1,0,213324.0,0
1292,,1,30.0,0,0,164.8667,1,0,0,0,1,369284.0,307
1293,,2,38.0,1,0,21.0,0,1,0,0,1,286644.0,0
1294,,1,22.0,0,1,59.4,1,0,1,0,0,1123784.0,0
1295,,1,17.0,0,0,47.1,0,1,0,0,1,1130594.0,0
1296,,1,43.0,1,0,27.7208,0,1,1,0,0,177654.0,4040
1297,,2,20.0,0,0,13.8625,0,1,1,0,0,216623.0,4038
1298,,2,23.0,1,0,10.5,0,1,0,0,1,286664.0,0
1299,,1,50.0,1,1,211.5,0,1,1,0,0,1135034.0,3080
1300,,3,29.0,0,0,7.7208,1,0,0,1,0,3349154.0,0
1301,,3,3.0,1,1,13.775,1,0,0,0,1,310131522.0,0
1302,,3,29.0,0,0,7.75,1,0,0,1,0,3652374.0,0
1303,,1,37.0,1,0,90.0,1,0,0,1,0,199284.0,3078
1304,,3,28.0,0,0,7.775,1,0,0,0,1,3470864.0,0
1305,,3,29.0,0,0,8.05,0,1,0,0,1,323625.0,0
1306,,1,39.0,0,0,108.9,1,0,1,0,0,177582.0,30105
1307,,3,38.5,0,0,7.25,0,1,0,0,1,310126222.0,0
1308,,3,29.0,0,0,8.05,0,1,0,0,1,3593094.0,0
1309,,3,29.0,1,1,22.3583,0,1,1,0,0,26684.0,0
