PassengerId,Survived,Pclass,Age,SibSp,Parch,Fare,Sex_female,Sex_male,Embarked_C,Embarked_Q,Embarked_S,Ticket_number,Ticket_value_encoded,Ticket_final,Cabin_encoded,Cabin_number,Cabin_combined
1,0,3,22.0,1,0,7.25,0,1,0.0,1.0,0.0,21171,1,121171,0,0,0
2,1,1,38.0,1,0,71.2833,1,0,0.0,0.0,1.0,17599,2,217599,3,85,385
3,1,3,26.0,0,0,7.925,1,0,0.0,1.0,0.0,3101282,3,33101282,0,0,0
4,1,1,35.0,1,0,53.1,1,0,0.0,0.0,1.0,113803,4,4113803,3,123,3123
5,0,3,35.0,0,0,8.05,0,1,0.0,0.0,1.0,373450,4,4373450,0,0,0
6,0,3,29.0,0,0,8.4583,0,1,0.0,0.0,1.0,330877,4,4330877,0,0,0
7,0,1,54.0,0,0,51.8625,0,1,0.0,1.0,0.0,17463,4,417463,5,46,546
8,0,3,2.0,3,1,21.075,0,1,0.0,0.0,1.0,349909,4,4349909,0,0,0
9,1,3,27.0,0,2,11.1333,1,0,1.0,0.0,0.0,347742,4,4347742,0,0,0
10,1,2,14.0,1,0,30.0708,1,0,0.0,0.0,1.0,237736,4,4237736,0,0,0
11,1,3,4.0,1,1,16.7,1,0,0.0,0.0,1.0,9549,5,59549,7,6,76
12,1,1,58.0,0,0,26.55,1,0,0.0,0.0,1.0,113783,4,4113783,3,103,3103
13,0,3,20.0,0,0,8.05,0,1,0.0,0.0,1.0,2151,6,62151,0,0,0
14,0,3,39.0,1,5,31.275,0,1,0.0,0.0,1.0,347082,4,4347082,0,0,0
15,0,3,14.0,0,0,7.8542,1,0,0.0,0.0,1.0,350406,4,4350406,0,0,0
16,1,2,55.0,0,0,16.0,1,0,1.0,0.0,0.0,248706,4,4248706,0,0,0
17,0,3,2.0,4,1,29.125,0,1,0.0,1.0,0.0,382652,4,4382652,0,0,0
18,1,2,29.0,0,0,13.0,0,1,1.0,0.0,0.0,244373,4,4244373,0,0,0
19,0,3,31.0,1,0,18.0,1,0,0.0,0.0,1.0,345763,4,4345763,0,0,0
20,1,3,29.0,0,0,7.225,1,0,1.0,0.0,0.0,2649,4,42649,0,0,0
21,0,2,35.0,0,0,26.0,0,1,1.0,0.0,0.0,239865,4,4239865,0,0,0
22,1,2,34.0,0,0,13.0,0,1,0.0,0.0,1.0,248698,4,4248698,4,56,456
23,1,3,15.0,0,0,8.0292,1,0,0.0,0.0,1.0,330923,4,4330923,0,0,0
24,1,1,28.0,0,0,35.5,0,1,1.0,0.0,0.0,113788,4,4113788,1,6,16
25,0,3,8.0,3,1,21.075,1,0,1.0,0.0,0.0,349909,4,4349909,0,0,0
26,1,3,38.0,1,5,31.3875,1,0,0.0,0.0,1.0,347077,4,4347077,0,0,0
27,0,3,29.0,0,0,7.225,0,1,1.0,0.0,0.0,2631,4,42631,0,0,0
28,0,1,19.0,3,2,263.0,0,1,1.0,0.0,0.0,19950,4,419950,333,232527,333232527
29,1,3,29.0,0,0,7.8792,1,0,0.0,0.0,1.0,330959,4,4330959,0,0,0
30,0,3,29.0,0,0,7.8958,0,1,1.0,0.0,0.0,349216,4,4349216,0,0,0
31,0,1,40.0,0,0,27.7208,0,1,0.0,0.0,1.0,17601,2,217601,0,0,0
32,1,1,29.0,1,0,146.5208,1,0,0.0,0.0,1.0,17569,2,217569,2,78,278
33,1,3,29.0,0,0,7.75,1,0,0.0,0.0,1.0,335677,4,4335677,0,0,0
34,0,2,66.0,0,0,10.5,0,1,0.0,0.0,1.0,24579,7,724579,0,0,0
35,0,1,28.0,1,0,82.1708,0,1,1.0,0.0,0.0,17604,2,217604,0,0,0
36,0,1,42.0,1,0,52.0,0,1,1.0,0.0,0.0,113789,4,4113789,0,0,0
37,1,3,29.0,0,0,7.2292,0,1,0.0,0.0,1.0,2677,4,42677,0,0,0
38,0,3,21.0,0,0,8.05,0,1,0.0,0.0,1.0,2152,8,82152,0,0,0
39,0,3,18.0,2,0,18.0,1,0,0.0,0.0,1.0,345764,4,4345764,0,0,0
40,1,3,14.0,1,0,11.2417,1,0,0.0,0.0,1.0,2651,4,42651,0,0,0
41,0,3,40.0,1,0,9.475,1,0,1.0,0.0,0.0,7546,4,47546,0,0,0
42,0,2,27.0,1,0,21.0,1,0,0.0,0.0,1.0,11668,4,411668,0,0,0
43,0,3,29.0,0,0,7.8958,0,1,0.0,0.0,1.0,349253,4,4349253,0,0,0
44,1,2,3.0,1,2,41.5792,1,0,0.0,0.0,1.0,2123,9,92123,0,0,0
45,1,3,19.0,0,0,7.8792,1,0,0.0,0.0,1.0,330958,4,4330958,0,0,0
46,0,3,29.0,0,0,8.05,0,1,0.0,0.0,1.0,23567,10,1023567,0,0,0
47,0,3,29.0,1,0,15.5,0,1,1.0,0.0,0.0,370371,4,4370371,0,0,0
48,1,3,29.0,0,0,7.75,1,0,0.0,1.0,0.0,14311,4,414311,0,0,0
49,0,3,29.0,2,0,21.6792,0,1,1.0,0.0,0.0,2662,4,42662,0,0,0
50,0,3,18.0,1,0,17.8,1,0,0.0,0.0,1.0,349237,4,4349237,0,0,0
51,0,3,7.0,4,1,39.6875,0,1,0.0,0.0,1.0,3101295,4,43101295,0,0,0
52,0,3,21.0,0,0,7.8,0,1,1.0,0.0,0.0,39886,11,1139886,0,0,0
53,1,1,49.0,1,0,76.7292,1,0,0.0,0.0,1.0,17572,2,217572,4,33,433
54,1,2,29.0,1,0,26.0,1,0,0.0,0.0,1.0,2926,4,42926,0,0,0
55,0,1,65.0,0,1,61.9792,0,1,1.0,0.0,0.0,113509,4,4113509,2,30,230
56,1,1,29.0,0,0,35.5,0,1,0.0,1.0,0.0,19947,4,419947,3,52,352
57,1,2,21.0,0,0,10.5,1,0,0.0,0.0,1.0,31026,7,731026,0,0,0
58,0,3,28.5,0,0,7.2292,0,1,0.0,0.0,1.0,2697,4,42697,0,0,0
59,1,2,5.0,1,2,27.75,1,0,0.0,0.0,1.0,34651,7,734651,0,0,0
60,0,3,11.0,5,2,46.9,0,1,1.0,0.0,0.0,2144,12,122144,0,0,0
61,0,3,22.0,0,0,7.2292,0,1,0.0,0.0,1.0,2669,4,42669,0,0,0
62,1,1,38.0,0,0,80.0,1,0,0.0,0.0,1.0,113572,4,4113572,2,28,228
63,0,1,45.0,1,0,83.475,0,1,0.0,0.0,1.0,36973,4,436973,3,83,383
64,0,3,4.0,3,2,27.9,0,1,0.0,1.0,0.0,347088,4,4347088,0,0,0
65,0,1,29.0,0,0,27.7208,0,1,1.0,0.0,0.0,17605,2,217605,0,0,0
66,1,3,29.0,1,1,15.2458,0,1,0.0,0.0,1.0,2661,4,42661,0,0,0
67,1,2,29.0,0,0,10.5,1,0,0.0,1.0,0.0,29395,7,729395,6,33,633
68,0,3,19.0,0,0,8.1583,0,1,0.0,0.0,1.0,3464,13,133464,0,0,0
69,1,3,17.0,4,2,7.925,1,0,1.0,0.0,0.0,3101281,4,43101281,0,0,0
70,0,3,26.0,2,0,8.6625,0,1,0.0,0.0,1.0,315151,4,4315151,0,0,0
71,0,2,32.0,0,0,10.5,0,1,0.0,1.0,0.0,33111,7,733111,0,0,0
72,0,3,16.0,5,2,46.9,1,0,0.0,0.0,1.0,2144,12,122144,0,0,0
73,0,2,21.0,0,0,73.5,0,1,0.0,0.0,1.0,14879,14,1414879,0,0,0
74,0,3,26.0,1,0,14.4542,0,1,1.0,0.0,0.0,2680,4,42680,0,0,0
75,1,3,32.0,0,0,56.4958,0,1,1.0,0.0,0.0,1601,4,41601,0,0,0
76,0,3,25.0,0,0,7.65,0,1,1.0,0.0,0.0,348123,4,4348123,67,73,6773
77,0,3,29.0,0,0,7.8958,0,1,0.0,0.0,1.0,349208,4,4349208,0,0,0
78,0,3,29.0,0,0,8.05,0,1,0.0,0.0,1.0,374746,4,4374746,0,0,0
79,1,2,0.83,0,2,29.0,0,1,0.0,0.0,1.0,248738,4,4248738,0,0,0
80,1,3,30.0,0,0,12.475,1,0,0.0,1.0,0.0,364516,4,4364516,0,0,0
81,0,3,22.0,0,0,9.0,0,1,1.0,0.0,0.0,345767,4,4345767,0,0,0
82,1,3,29.0,0,0,9.5,0,1,0.0,0.0,1.0,345779,4,4345779,0,0,0
83,1,3,29.0,0,0,7.7875,1,0,0.0,0.0,1.0,330932,4,4330932,0,0,0
84,0,1,28.0,0,0,47.1,0,1,0.0,0.0,1.0,113059,4,4113059,0,0,0
85,1,2,17.0,0,0,10.5,1,0,0.0,1.0,0.0,14885,15,1514885,0,0,0
86,1,3,33.0,3,0,15.85,1,0,1.0,0.0,0.0,3101278,4,43101278,0,0,0
87,0,3,16.0,1,3,34.375,0,1,0.0,1.0,0.0,6608,16,166608,0,0,0
88,0,3,29.0,0,0,8.05,0,1,0.0,0.0,1.0,392086,17,17392086,0,0,0
89,1,1,23.0,3,2,263.0,1,0,0.0,1.0,0.0,19950,4,419950,333,232527,333232527
90,0,3,24.0,0,0,8.05,0,1,0.0,0.0,1.0,343275,4,4343275,0,0,0
91,0,3,29.0,0,0,8.05,0,1,0.0,0.0,1.0,343276,4,4343276,0,0,0
92,0,3,20.0,0,0,7.8542,0,1,0.0,0.0,1.0,347466,4,4347466,0,0,0
93,0,1,46.0,1,0,61.175,0,1,0.0,0.0,1.0,5734,18,185734,5,31,531
94,0,3,26.0,1,2,20.575,0,1,0.0,0.0,1.0,2315,7,72315,0,0,0
95,0,3,59.0,0,0,7.25,0,1,1.0,0.0,0.0,364500,4,4364500,0,0,0
96,0,3,29.0,0,0,8.05,0,1,0.0,0.0,1.0,374910,4,4374910,0,0,0
97,0,1,71.0,0,0,34.6542,0,1,0.0,0.0,1.0,17754,2,217754,1,5,15
98,1,1,23.0,0,1,63.3583,0,1,0.0,0.0,1.0,17759,2,217759,44,1012,441012
99,1,2,34.0,0,1,23.0,1,0,0.0,0.0,1.0,231919,4,4231919,0,0,0
100,0,2,34.0,1,0,26.0,0,1,0.0,0.0,1.0,244367,4,4244367,0,0,0
101,0,3,28.0,0,0,7.8958,1,0,1.0,0.0,0.0,349245,4,4349245,0,0,0
102,0,3,29.0,0,0,7.8958,0,1,0.0,0.0,1.0,349215,4,4349215,0,0,0
103,0,1,21.0,0,1,77.2875,0,1,0.0,1.0,0.0,35281,4,435281,4,26,426
104,0,3,33.0,0,0,8.6542,0,1,0.0,0.0,1.0,7540,4,47540,0,0,0
105,0,3,37.0,2,0,7.925,0,1,1.0,0.0,0.0,3101276,4,43101276,0,0,0
106,0,3,28.0,0,0,7.8958,0,1,0.0,0.0,1.0,349207,4,4349207,0,0,0
107,1,3,21.0,0,0,7.65,1,0,0.0,1.0,0.0,343120,4,4343120,0,0,0
108,1,3,29.0,0,0,7.775,0,1,0.0,1.0,0.0,312991,4,4312991,0,0,0
109,0,3,38.0,0,0,7.8958,0,1,0.0,0.0,1.0,349249,4,4349249,0,0,0
110,1,3,29.0,1,0,24.15,1,0,0.0,0.0,1.0,371110,4,4371110,0,0,0
111,0,1,47.0,0,0,52.0,0,1,1.0,0.0,0.0,110465,4,4110465,3,110,3110
112,0,3,14.5,1,0,14.4542,1,0,0.0,1.0,0.0,2665,4,42665,0,0,0
113,0,3,22.0,0,0,8.05,0,1,1.0,0.0,0.0,324669,4,4324669,0,0,0
114,0,3,20.0,1,0,9.825,1,0,0.0,1.0,0.0,4136,4,44136,0,0,0
115,0,3,17.0,0,0,14.4583,1,0,0.0,0.0,1.0,2627,4,42627,0,0,0
116,0,3,21.0,0,0,7.925,0,1,1.0,0.0,0.0,0,19,190,0,0,0
117,0,3,70.5,0,0,7.75,0,1,1.0,0.0,0.0,370369,4,4370369,0,0,0
118,0,2,29.0,1,0,21.0,0,1,0.0,0.0,1.0,11668,4,411668,0,0,0
119,0,1,24.0,0,1,247.5208,0,1,1.0,0.0,0.0,17558,2,217558,22,5860,225860
120,0,3,2.0,4,2,31.275,1,0,0.0,0.0,1.0,347082,4,4347082,0,0,0
121,0,2,21.0,2,0,73.5,0,1,0.0,0.0,1.0,14879,14,1414879,0,0,0
122,0,3,29.0,0,0,8.05,0,1,0.0,1.0,0.0,54510,20,2054510,0,0,0
123,0,2,32.5,1,0,30.0708,0,1,1.0,0.0,0.0,237736,4,4237736,0,0,0
124,1,2,32.5,0,0,13.0,1,0,0.0,0.0,1.0,27267,4,427267,5,101,5101
125,0,1,54.0,0,1,77.2875,0,1,0.0,1.0,0.0,35281,4,435281,4,26,426
126,1,3,12.0,1,0,11.2417,0,1,0.0,0.0,1.0,2651,4,42651,0,0,0
127,0,3,29.0,0,0,7.75,0,1,0.0,0.0,1.0,370372,4,4370372,0,0,0
128,1,3,24.0,0,0,7.1417,0,1,0.0,1.0,0.0,17369,21,2117369,0,0,0
129,1,3,29.0,1,1,22.3583,1,0,0.0,0.0,1.0,2668,4,42668,65,69,6569
130,0,3,45.0,0,0,6.975,0,1,0.0,0.0,1.0,347061,4,4347061,0,0,0
131,0,3,33.0,0,0,7.8958,0,1,0.0,0.0,1.0,349241,4,4349241,0,0,0
132,0,3,20.0,0,0,7.05,0,1,1.0,0.0,0.0,3101307,22,223101307,0,0,0
133,0,3,47.0,1,0,14.5,1,0,0.0,0.0,1.0,3337,6,63337,0,0,0
134,1,2,29.0,1,0,26.0,1,0,1.0,0.0,0.0,228414,4,4228414,0,0,0
135,0,2,25.0,0,0,13.0,0,1,0.0,0.0,1.0,29178,7,729178,0,0,0
136,0,2,23.0,0,0,15.0458,0,1,0.0,0.0,1.0,2133,23,232133,0,0,0
137,1,1,19.0,0,2,26.2833,1,0,1.0,0.0,0.0,11752,4,411752,4,47,447
138,0,1,37.0,1,0,53.1,0,1,0.0,0.0,1.0,113803,4,4113803,3,123,3123
139,0,3,16.0,0,0,9.2167,0,1,0.0,0.0,1.0,7534,4,47534,0,0,0
140,0,1,24.0,0,0,79.2,0,1,0.0,0.0,1.0,17593,2,217593,2,86,286
141,0,3,29.0,0,2,15.2458,1,0,0.0,0.0,1.0,2678,4,42678,0,0,0
142,1,3,22.0,0,0,7.75,1,0,0.0,0.0,1.0,347081,4,4347081,0,0,0
143,1,3,24.0,1,0,15.85,1,0,1.0,0.0,0.0,3101279,3,33101279,0,0,0
144,0,3,19.0,0,0,6.75,0,1,0.0,0.0,1.0,365222,4,4365222,0,0,0
145,0,2,18.0,0,0,11.5,0,1,0.0,0.0,1.0,231945,4,4231945,0,0,0
146,0,2,19.0,1,1,36.75,0,1,0.0,0.0,1.0,33112,7,733112,0,0,0
147,1,3,27.0,0,0,7.7958,0,1,0.0,0.0,1.0,350043,4,4350043,0,0,0
148,0,3,9.0,2,2,34.375,1,0,0.0,0.0,1.0,6608,16,166608,0,0,0
149,0,2,36.5,0,2,26.0,0,1,0.0,0.0,1.0,230080,4,4230080,6,2,62
150,0,2,42.0,0,0,13.0,0,1,0.0,0.0,1.0,244310,4,4244310,0,0,0
151,0,2,51.0,0,0,12.525,0,1,1.0,0.0,0.0,1166,24,241166,0,0,0
152,1,1,22.0,1,0,66.6,1,0,1.0,0.0,0.0,113776,4,4113776,3,2,32
153,0,3,55.5,0,0,8.05,0,1,0.0,0.0,1.0,11206,25,2511206,0,0,0
154,0,3,40.5,0,2,14.5,0,1,0.0,0.0,1.0,851,6,6851,0,0,0
155,0,3,29.0,0,0,7.3125,0,1,0.0,0.0,1.0,265302,26,26265302,0,0,0
156,0,1,51.0,0,1,61.3792,0,1,0.0,0.0,1.0,17597,2,217597,0,0,0
157,1,3,16.0,0,0,7.7333,1,0,0.0,0.0,1.0,35851,4,435851,0,0,0
158,0,3,30.0,0,0,8.05,0,1,0.0,0.0,1.0,392090,17,17392090,0,0,0
159,0,3,29.0,0,0,8.6625,0,1,0.0,0.0,1.0,315037,4,4315037,0,0,0
160,0,3,29.0,8,2,69.55,0,1,0.0,0.0,1.0,2343,27,272343,0,0,0
161,0,3,44.0,0,1,16.1,0,1,0.0,1.0,0.0,371362,4,4371362,0,0,0
162,1,2,40.0,0,0,15.75,1,0,1.0,0.0,0.0,33595,7,733595,0,0,0
163,0,3,26.0,0,0,7.775,0,1,0.0,0.0,1.0,347068,4,4347068,0,0,0
164,0,3,17.0,0,0,8.6625,0,1,0.0,0.0,1.0,315093,4,4315093,0,0,0
165,0,3,1.0,4,1,39.6875,0,1,0.0,0.0,1.0,3101295,4,43101295,0,0,0
166,1,3,9.0,0,2,20.525,0,1,0.0,0.0,1.0,363291,4,4363291,0,0,0
167,1,1,29.0,0,1,55.0,1,0,1.0,0.0,0.0,113505,4,4113505,5,33,533
168,0,3,45.0,1,4,27.9,1,0,0.0,0.0,1.0,347088,4,4347088,0,0,0
169,0,1,29.0,0,0,25.925,0,1,1.0,0.0,0.0,17318,2,217318,0,0,0
170,0,3,28.0,0,0,56.4958,0,1,0.0,0.0,1.0,1601,4,41601,0,0,0
171,0,1,61.0,0,0,33.5,0,1,0.0,0.0,1.0,111240,4,4111240,2,19,219
172,0,3,4.0,4,1,29.125,0,1,1.0,0.0,0.0,382652,4,4382652,0,0,0
173,1,3,1.0,1,1,11.1333,1,0,0.0,0.0,1.0,347742,4,4347742,0,0,0
174,0,3,21.0,0,0,7.925,0,1,1.0,0.0,0.0,0,19,190,0,0,0
175,0,1,56.0,0,0,30.6958,0,1,0.0,0.0,1.0,17764,4,417764,1,7,17
176,0,3,18.0,1,1,7.8542,0,1,0.0,0.0,1.0,350404,4,4350404,0,0,0
177,0,3,29.0,3,1,25.4667,0,1,0.0,0.0,1.0,4133,4,44133,0,0,0
178,0,1,50.0,0,0,28.7125,1,0,1.0,0.0,0.0,17595,2,217595,3,49,349
179,0,2,30.0,0,0,13.0,0,1,0.0,0.0,1.0,250653,4,4250653,0,0,0
180,0,3,36.0,0,0,0.0,0,1,1.0,0.0,0.0,0,28,280,0,0,0
181,0,3,29.0,8,2,69.55,1,0,0.0,0.0,1.0,2343,27,272343,0,0,0
182,0,2,29.0,0,0,15.05,0,1,1.0,0.0,0.0,2131,23,232131,0,0,0
183,0,3,9.0,4,2,31.3875,0,1,0.0,0.0,1.0,347077,4,4347077,0,0,0
184,1,2,1.0,2,1,39.0,0,1,0.0,1.0,0.0,230136,4,4230136,6,4,64
185,1,3,4.0,0,2,22.025,1,0,1.0,0.0,0.0,315153,4,4315153,0,0,0
186,0,1,29.0,0,0,50.0,0,1,0.0,0.0,1.0,113767,4,4113767,1,32,132
187,1,3,29.0,1,0,15.5,1,0,0.0,0.0,1.0,370365,4,4370365,0,0,0
188,1,1,45.0,0,0,26.55,0,1,0.0,0.0,1.0,111428,4,4111428,0,0,0
189,0,3,40.0,1,1,15.5,0,1,0.0,0.0,1.0,364849,4,4364849,0,0,0
190,0,3,36.0,0,0,7.8958,0,1,0.0,0.0,1.0,349247,4,4349247,0,0,0
191,1,2,32.0,0,0,13.0,1,0,0.0,0.0,1.0,234604,4,4234604,0,0,0
192,0,2,19.0,0,0,13.0,0,1,0.0,0.0,1.0,28424,4,428424,0,0,0
193,1,3,19.0,1,0,7.8542,1,0,0.0,0.0,1.0,350046,4,4350046,0,0,0
194,1,2,3.0,1,1,26.0,0,1,0.0,1.0,0.0,230080,4,4230080,6,2,62
195,1,1,44.0,0,0,27.7208,1,0,0.0,0.0,1.0,17610,2,217610,2,4,24
196,1,1,58.0,0,0,146.5208,1,0,0.0,0.0,1.0,17569,2,217569,2,80,280
197,0,3,29.0,0,0,7.75,0,1,1.0,0.0,0.0,368703,4,4368703,0,0,0
198,0,3,42.0,0,1,8.4042,0,1,0.0,0.0,1.0,4579,4,44579,0,0,0
199,1,3,29.0,0,0,7.75,1,0,0.0,0.0,1.0,370370,4,4370370,0,0,0
200,0,2,24.0,0,0,13.0,1,0,0.0,0.0,1.0,248747,4,4248747,0,0,0
201,0,3,28.0,0,0,9.5,0,1,0.0,1.0,0.0,345770,4,4345770,0,0,0
202,0,3,29.0,8,2,69.55,0,1,0.0,0.0,1.0,2343,27,272343,0,0,0
203,0,3,34.0,0,0,6.4958,0,1,1.0,0.0,0.0,3101264,4,43101264,0,0,0
204,0,3,45.5,0,0,7.225,0,1,0.0,0.0,1.0,2628,4,42628,0,0,0
205,1,3,18.0,0,0,8.05,0,1,0.0,0.0,1.0,3540,1,13540,0,0,0
206,0,3,2.0,0,1,10.4625,1,0,1.0,0.0,0.0,347054,4,4347054,7,6,76
207,0,3,32.0,1,0,15.85,0,1,0.0,1.0,0.0,3101278,4,43101278,0,0,0
208,1,3,26.0,0,0,18.7875,0,1,0.0,0.0,1.0,2699,4,42699,0,0,0
209,1,3,16.0,0,0,7.75,1,0,1.0,0.0,0.0,367231,4,4367231,0,0,0
210,1,1,40.0,0,0,31.0,0,1,0.0,0.0,1.0,112277,4,4112277,1,31,131
211,0,3,24.0,0,0,7.05,0,1,0.0,0.0,1.0,3101311,22,223101311,0,0,0
212,1,2,35.0,0,0,21.0,1,0,0.0,0.0,1.0,13528,29,2913528,0,0,0
213,0,3,22.0,0,0,7.25,0,1,0.0,0.0,1.0,21174,1,121174,0,0,0
214,0,2,30.0,0,0,13.0,0,1,0.0,0.0,1.0,250646,4,4250646,0,0,0
215,0,3,29.0,1,0,7.75,0,1,0.0,0.0,1.0,367229,4,4367229,0,0,0
216,1,1,31.0,1,0,113.275,1,0,0.0,0.0,1.0,35273,4,435273,4,36,436
217,1,3,27.0,0,0,7.925,1,0,0.0,1.0,0.0,3101283,3,33101283,0,0,0
218,0,2,42.0,1,0,27.0,0,1,0.0,0.0,1.0,243847,4,4243847,0,0,0
219,1,1,32.0,0,0,76.2917,1,0,1.0,0.0,0.0,11813,4,411813,4,15,415
220,0,2,30.0,0,0,10.5,0,1,0.0,0.0,1.0,14208,30,3014208,0,0,0
221,1,3,16.0,0,0,8.05,0,1,1.0,0.0,0.0,392089,17,17392089,0,0,0
222,0,2,27.0,0,0,13.0,0,1,0.0,0.0,1.0,220367,4,4220367,0,0,0
223,0,3,51.0,0,0,8.05,0,1,0.0,0.0,1.0,21440,4,421440,0,0,0
224,0,3,29.0,0,0,7.8958,0,1,0.0,0.0,1.0,349234,4,4349234,0,0,0
225,1,1,38.0,1,0,90.0,0,1,1.0,0.0,0.0,19943,4,419943,3,93,393
226,0,3,22.0,0,0,9.35,0,1,1.0,0.0,0.0,4348,5,54348,0,0,0
227,1,2,19.0,0,0,10.5,0,1,0.0,0.0,1.0,751,31,31751,0,0,0
228,0,3,20.5,0,0,7.25,0,1,0.0,1.0,0.0,21173,1,121173,0,0,0
229,0,2,18.0,0,0,13.0,0,1,0.0,0.0,1.0,236171,4,4236171,0,0,0
230,0,3,29.0,3,1,25.4667,1,0,0.0,0.0,1.0,4133,4,44133,0,0,0
231,1,1,35.0,1,0,83.475,1,0,0.0,0.0,1.0,36973,4,436973,3,83,383
232,0,3,29.0,0,0,7.775,0,1,0.0,0.0,1.0,347067,4,4347067,0,0,0
233,0,2,59.0,0,0,13.5,0,1,0.0,0.0,1.0,237442,4,4237442,0,0,0
234,1,3,5.0,4,2,31.3875,1,0,0.0,1.0,0.0,347077,4,4347077,0,0,0
235,0,2,24.0,0,0,10.5,0,1,1.0,0.0,0.0,29566,7,729566,0,0,0
236,0,3,29.0,0,0,7.55,1,0,0.0,0.0,1.0,6609,16,166609,0,0,0
237,0,2,44.0,1,0,26.0,0,1,1.0,0.0,0.0,26707,4,426707,0,0,0
238,1,2,8.0,0,2,26.25,1,0,1.0,0.0,0.0,31921,7,731921,0,0,0
239,0,2,19.0,0,0,10.5,0,1,0.0,0.0,1.0,28665,4,428665,0,0,0
240,0,2,33.0,0,0,12.275,0,1,1.0,0.0,0.0,1585,32,321585,0,0,0
241,0,3,29.0,1,0,14.4542,1,0,1.0,0.0,0.0,2665,4,42665,0,0,0
242,1,3,29.0,1,0,15.5,1,0,0.0,0.0,1.0,367230,4,4367230,0,0,0
243,0,2,29.0,0,0,10.5,0,1,1.0,0.0,0.0,14263,16,1614263,0,0,0
244,0,3,22.0,0,0,7.125,0,1,0.0,0.0,1.0,0,19,190,0,0,0
245,0,3,30.0,0,0,7.225,0,1,0.0,0.0,1.0,2694,4,42694,0,0,0
246,0,1,44.0,2,0,90.0,0,1,0.0,0.0,1.0,19928,4,419928,3,78,378
247,0,3,25.0,0,0,7.775,1,0,0.0,0.0,1.0,347071,4,4347071,0,0,0
248,1,2,24.0,0,2,14.5,1,0,0.0,0.0,1.0,250649,4,4250649,0,0,0
249,1,1,37.0,1,1,52.5542,0,1,0.0,0.0,1.0,11751,4,411751,4,35,435
250,0,2,54.0,1,0,26.0,0,1,1.0,0.0,0.0,244252,4,4244252,0,0,0
251,0,3,29.0,0,0,7.25,0,1,0.0,0.0,1.0,362316,4,4362316,0,0,0
252,0,3,29.0,1,1,10.4625,1,0,0.0,0.0,1.0,347054,4,4347054,7,6,76
253,0,1,62.0,0,0,26.55,0,1,1.0,0.0,0.0,113514,4,4113514,3,87,387
254,0,3,30.0,1,0,16.1,0,1,0.0,0.0,1.0,3336,6,63336,0,0,0
255,0,3,41.0,0,2,20.2125,1,0,0.0,0.0,1.0,370129,4,4370129,0,0,0
256,1,3,29.0,0,2,15.2458,1,0,0.0,0.0,1.0,2650,4,42650,0,0,0
257,1,1,29.0,0,0,79.2,1,0,0.0,1.0,0.0,17585,2,217585,0,0,0
258,1,1,30.0,0,0,86.5,1,0,0.0,0.0,1.0,110152,4,4110152,2,77,277
259,1,1,35.0,0,0,512.3292,1,0,0.0,0.0,1.0,17755,2,217755,0,0,0
260,1,2,50.0,0,1,26.0,1,0,0.0,0.0,1.0,230433,4,4230433,0,0,0
261,0,3,29.0,0,0,7.75,0,1,0.0,0.0,1.0,384461,4,4384461,0,0,0
262,1,3,3.0,4,2,31.3875,0,1,0.0,0.0,1.0,347077,4,4347077,0,0,0
263,0,1,52.0,1,1,79.65,0,1,0.0,0.0,1.0,110413,4,4110413,5,67,567
264,0,1,40.0,0,0,0.0,0,1,0.0,0.0,1.0,112059,4,4112059,2,94,294
265,0,3,29.0,0,0,7.75,1,0,1.0,0.0,0.0,382649,4,4382649,0,0,0
266,0,2,36.0,0,0,10.5,0,1,0.0,0.0,1.0,17248,7,717248,0,0,0
267,0,3,16.0,4,1,39.6875,0,1,0.0,0.0,1.0,3101295,4,43101295,0,0,0
268,1,3,25.0,1,0,7.775,0,1,0.0,0.0,1.0,347083,4,4347083,0,0,0
269,1,1,58.0,0,1,153.4625,1,0,0.0,0.0,1.0,17582,2,217582,3,125,3125
270,1,1,35.0,0,0,135.6333,1,0,0.0,0.0,1.0,17760,2,217760,3,99,399
271,0,1,29.0,0,0,31.0,0,1,1.0,0.0,0.0,113798,4,4113798,0,0,0
272,1,3,25.0,0,0,0.0,0,1,0.0,1.0,0.0,0,28,280,0,0,0
273,1,2,41.0,0,1,19.5,1,0,1.0,0.0,0.0,250644,4,4250644,0,0,0
274,0,1,37.0,0,1,29.7,0,1,0.0,1.0,0.0,17596,2,217596,3,118,3118
275,1,3,29.0,0,0,7.75,1,0,1.0,0.0,0.0,370375,4,4370375,0,0,0
276,1,1,63.0,1,0,77.9583,1,0,0.0,0.0,1.0,13502,4,413502,4,7,47
277,0,3,45.0,0,0,7.75,1,0,0.0,0.0,1.0,347073,4,4347073,0,0,0
278,0,2,29.0,0,0,0.0,0,1,0.0,0.0,1.0,239853,4,4239853,0,0,0
279,0,3,7.0,4,1,29.125,0,1,0.0,0.0,1.0,382652,4,4382652,0,0,0
280,1,3,35.0,1,1,20.25,1,0,0.0,0.0,1.0,2673,7,72673,0,0,0
281,0,3,65.0,0,0,7.75,0,1,0.0,0.0,1.0,336439,4,4336439,0,0,0
282,0,3,28.0,0,0,7.8542,0,1,0.0,0.0,1.0,347464,4,4347464,0,0,0
283,0,3,16.0,0,0,9.5,0,1,0.0,1.0,0.0,345778,4,4345778,0,0,0
284,1,3,19.0,0,0,8.05,0,1,1.0,0.0,0.0,10482,6,610482,0,0,0
285,0,1,29.0,0,0,26.0,0,1,0.0,0.0,1.0,113056,4,4113056,1,19,119
286,0,3,33.0,0,0,8.6625,0,1,0.0,0.0,1.0,349239,4,4349239,0,0,0
287,1,3,30.0,0,0,9.5,0,1,0.0,0.0,1.0,345774,4,4345774,0,0,0
288,0,3,22.0,0,0,7.8958,0,1,0.0,0.0,1.0,349206,4,4349206,0,0,0
289,1,2,42.0,0,0,13.0,0,1,1.0,0.0,0.0,237798,4,4237798,0,0,0
290,1,3,22.0,0,0,7.75,1,0,0.0,0.0,1.0,370373,4,4370373,0,0,0
291,1,1,26.0,0,0,78.85,1,0,0.0,0.0,1.0,19877,4,419877,0,0,0
292,1,1,19.0,1,0,91.0792,1,0,0.0,1.0,0.0,11967,4,411967,2,49,249
293,0,2,36.0,0,0,12.875,0,1,1.0,0.0,0.0,2163,9,92163,4,0,4
294,0,3,24.0,0,0,8.85,1,0,0.0,0.0,1.0,349236,4,4349236,0,0,0
295,0,3,24.0,0,0,7.8958,0,1,0.0,0.0,1.0,349233,4,4349233,0,0,0
296,0,1,29.0,0,0,27.7208,0,1,0.0,0.0,1.0,17612,2,217612,0,0,0
297,0,3,23.5,0,0,7.2292,0,1,1.0,0.0,0.0,2693,4,42693,0,0,0
298,0,1,2.0,1,2,151.55,1,0,1.0,0.0,0.0,113781,4,4113781,33,2226,332226
299,1,1,29.0,0,0,30.5,0,1,0.0,0.0,1.0,19988,4,419988,3,106,3106
300,1,1,50.0,0,1,247.5208,1,0,0.0,0.0,1.0,17558,2,217558,22,5860,225860
301,1,3,29.0,0,0,7.75,1,0,0.0,0.0,1.0,9234,4,49234,0,0,0
302,1,3,29.0,2,0,23.25,0,1,1.0,0.0,0.0,367226,4,4367226,0,0,0
303,0,3,19.0,0,0,0.0,0,1,0.0,0.0,1.0,0,28,280,0,0,0
304,1,2,29.0,0,0,12.35,1,0,0.0,0.0,1.0,226593,4,4226593,5,101,5101
305,0,3,29.0,0,0,8.05,0,1,0.0,1.0,0.0,2466,1,12466,0,0,0
306,1,1,0.92,1,2,151.55,0,1,0.0,0.0,1.0,113781,4,4113781,33,2226,332226
307,1,1,29.0,0,0,110.8833,1,0,0.0,0.0,1.0,17421,4,417421,0,0,0
308,1,1,17.0,1,0,108.9,1,0,0.0,0.0,1.0,17758,2,217758,3,65,365
309,0,2,30.0,1,0,24.0,0,1,0.0,0.0,1.0,3381,33,333381,0,0,0
310,1,1,30.0,0,0,56.9292,1,0,0.0,0.0,1.0,17485,2,217485,5,36,536
311,1,1,24.0,0,0,83.1583,1,0,0.0,0.0,1.0,11767,4,411767,3,54,354
312,1,1,18.0,2,2,262.375,1,0,1.0,0.0,0.0,17608,2,217608,2222,57596366,222257596366
313,0,2,26.0,1,1,26.0,1,0,0.0,0.0,1.0,250651,4,4250651,0,0,0
314,0,3,28.0,0,0,7.8958,0,1,0.0,1.0,0.0,349243,4,4349243,0,0,0
315,0,2,43.0,1,1,26.25,0,1,1.0,0.0,0.0,13529,29,2913529,0,0,0
316,1,3,26.0,0,0,7.8542,1,0,0.0,1.0,0.0,347470,4,4347470,0,0,0
317,1,2,24.0,1,0,26.0,1,0,1.0,0.0,0.0,244367,4,4244367,0,0,0
318,0,2,54.0,0,0,14.0,0,1,0.0,0.0,1.0,29011,4,429011,0,0,0
319,1,1,31.0,0,2,164.8667,1,0,0.0,0.0,1.0,36928,4,436928,3,7,37
320,1,1,40.0,1,1,134.5,1,0,0.0,0.0,1.0,16966,4,416966,5,34,534
321,0,3,22.0,0,0,7.25,0,1,0.0,0.0,1.0,21172,1,121172,0,0,0
322,0,3,27.0,0,0,7.8958,0,1,1.0,0.0,0.0,349219,4,4349219,0,0,0
323,1,2,30.0,0,0,12.35,1,0,0.0,0.0,1.0,234818,4,4234818,0,0,0
324,1,2,22.0,1,1,29.0,1,0,0.0,0.0,1.0,248738,4,4248738,0,0,0
325,0,3,29.0,8,2,69.55,0,1,0.0,0.0,1.0,2343,27,272343,0,0,0
326,1,1,36.0,0,0,135.6333,1,0,0.0,0.0,1.0,17760,2,217760,3,32,332
327,0,3,61.0,0,0,6.2375,0,1,0.0,0.0,1.0,345364,4,4345364,0,0,0
328,1,2,36.0,0,0,13.0,1,0,1.0,0.0,0.0,28551,4,428551,4,0,4
329,1,3,31.0,1,1,20.525,1,0,0.0,0.0,1.0,363291,4,4363291,0,0,0
330,1,1,16.0,0,1,57.9792,1,0,0.0,0.0,1.0,111361,4,4111361,2,18,218
331,1,3,29.0,2,0,23.25,1,0,0.0,0.0,1.0,367226,4,4367226,0,0,0
332,0,1,45.5,0,0,28.5,0,1,1.0,0.0,0.0,113043,4,4113043,3,124,3124
333,0,1,38.0,0,1,153.4625,0,1,1.0,0.0,0.0,17582,2,217582,3,91,391
334,0,3,16.0,2,0,18.0,0,1,1.0,0.0,0.0,345764,4,4345764,0,0,0
335,1,1,29.0,1,0,133.65,1,0,0.0,0.0,1.0,17611,2,217611,0,0,0
336,0,3,29.0,0,0,7.8958,0,1,0.0,0.0,1.0,349225,4,4349225,0,0,0
337,0,1,29.0,1,0,66.6,0,1,0.0,0.0,1.0,113776,4,4113776,3,2,32
338,1,1,41.0,0,0,134.5,1,0,1.0,0.0,0.0,16966,4,416966,5,40,540
339,1,3,45.0,0,0,8.05,0,1,0.0,0.0,1.0,7598,4,47598,0,0,0
340,0,1,45.0,0,0,35.5,0,1,1.0,0.0,0.0,113784,4,4113784,8,0,8
341,1,2,2.0,1,1,26.0,0,1,0.0,0.0,1.0,230080,4,4230080,6,2,62
342,1,1,24.0,3,2,263.0,1,0,0.0,0.0,1.0,19950,4,419950,333,232527,333232527
343,0,2,28.0,0,0,13.0,0,1,0.0,0.0,1.0,248740,4,4248740,0,0,0
344,0,2,25.0,0,0,13.0,0,1,1.0,0.0,0.0,244361,4,4244361,0,0,0
345,0,2,36.0,0,0,13.0,0,1,0.0,0.0,1.0,229236,4,4229236,0,0,0
346,1,2,24.0,0,0,13.0,1,0,0.0,0.0,1.0,248733,4,4248733,6,33,633
347,1,2,40.0,0,0,13.0,1,0,0.0,0.0,1.0,31418,4,431418,0,0,0
348,1,3,29.0,1,0,16.1,1,0,1.0,0.0,0.0,386525,4,4386525,0,0,0
349,1,3,3.0,1,1,15.9,0,1,0.0,0.0,1.0,37671,7,737671,0,0,0
350,0,3,42.0,0,0,8.6625,0,1,0.0,0.0,1.0,315088,4,4315088,0,0,0
351,0,3,23.0,0,0,9.225,0,1,1.0,0.0,0.0,7267,4,47267,0,0,0
352,0,1,29.0,0,0,35.0,0,1,0.0,0.0,1.0,113510,4,4113510,3,128,3128
353,0,3,15.0,1,1,7.2292,0,1,0.0,0.0,1.0,2695,4,42695,0,0,0
354,0,3,25.0,1,0,17.8,0,1,0.0,0.0,1.0,349237,4,4349237,0,0,0
355,0,3,29.0,0,0,7.225,0,1,0.0,0.0,1.0,2647,4,42647,0,0,0
356,0,3,28.0,0,0,9.5,0,1,0.0,0.0,1.0,345783,4,4345783,0,0,0
357,1,1,22.0,0,1,55.0,1,0,0.0,0.0,1.0,113505,4,4113505,5,33,533
358,0,2,38.0,0,0,13.0,1,0,0.0,0.0,1.0,237671,4,4237671,0,0,0
359,1,3,29.0,0,0,7.8792,1,0,0.0,1.0,0.0,330931,4,4330931,0,0,0
360,1,3,29.0,0,0,7.8792,1,0,0.0,0.0,1.0,330980,4,4330980,0,0,0
361,0,3,40.0,1,4,27.9,0,1,0.0,0.0,1.0,347088,4,4347088,0,0,0
362,0,2,29.0,1,0,27.7208,0,1,1.0,0.0,0.0,2167,23,232167,0,0,0
363,0,3,45.0,0,1,14.4542,1,0,0.0,0.0,1.0,2691,4,42691,0,0,0
364,0,3,35.0,0,0,7.05,0,1,0.0,0.0,1.0,3101310,22,223101310,0,0,0
365,0,3,29.0,1,0,15.5,0,1,1.0,0.0,0.0,370365,4,4370365,0,0,0
366,0,3,30.0,0,0,7.25,0,1,0.0,0.0,1.0,7076,21,217076,0,0,0
367,1,1,60.0,1,0,75.25,1,0,1.0,0.0,0.0,110813,4,4110813,4,37,437
368,1,3,29.0,0,0,7.2292,1,0,0.0,0.0,1.0,2626,4,42626,0,0,0
369,1,3,29.0,0,0,7.75,1,0,1.0,0.0,0.0,14313,4,414313,0,0,0
370,1,1,24.0,0,0,69.3,1,0,1.0,0.0,0.0,17477,2,217477,2,35,235
371,1,1,25.0,1,0,55.4417,0,1,0.0,0.0,1.0,11765,4,411765,5,50,550
372,0,3,18.0,1,0,6.4958,0,1,1.0,0.0,0.0,3101267,4,43101267,0,0,0
373,0,3,19.0,0,0,8.05,0,1,0.0,0.0,1.0,323951,4,4323951,0,0,0
374,0,1,22.0,0,0,135.6333,0,1,0.0,0.0,1.0,17760,2,217760,0,0,0
375,0,3,3.0,3,1,21.075,1,0,0.0,0.0,1.0,349909,4,4349909,0,0,0
376,1,1,29.0,1,0,82.1708,1,0,1.0,0.0,0.0,17604,2,217604,0,0,0
377,1,3,22.0,0,0,7.25,1,0,0.0,0.0,1.0,7077,21,217077,0,0,0
378,0,1,27.0,0,2,211.5,0,1,0.0,0.0,1.0,113503,4,4113503,3,82,382
379,0,3,20.0,0,0,4.0125,0,1,0.0,0.0,1.0,2648,4,42648,0,0,0
380,0,3,19.0,0,0,7.775,0,1,0.0,0.0,1.0,347069,4,4347069,0,0,0
381,1,1,42.0,0,0,227.525,1,0,0.0,1.0,0.0,17757,2,217757,0,0,0
382,1,3,1.0,0,2,15.7417,1,0,0.0,1.0,0.0,2653,4,42653,0,0,0
383,0,3,32.0,0,0,7.925,0,1,0.0,0.0,1.0,0,19,190,0,0,0
384,1,1,35.0,1,0,52.0,1,0,0.0,0.0,1.0,113789,4,4113789,0,0,0
385,0,3,29.0,0,0,7.8958,0,1,0.0,0.0,1.0,349227,4,4349227,0,0,0
386,0,2,18.0,0,0,73.5,0,1,0.0,0.0,1.0,14879,14,1414879,0,0,0
387,0,3,1.0,5,2,46.9,0,1,0.0,0.0,1.0,2144,12,122144,0,0,0
388,1,2,36.0,0,0,13.0,1,0,0.0,0.0,1.0,27849,4,427849,0,0,0
389,0,3,29.0,0,0,7.7292,0,1,0.0,1.0,0.0,367655,4,4367655,0,0,0
390,1,2,17.0,0,0,12.0,1,0,0.0,0.0,1.0,1748,34,341748,0,0,0
391,1,1,36.0,1,2,120.0,0,1,0.0,0.0,1.0,113760,4,4113760,22,9698,229698
392,1,3,21.0,0,0,7.7958,0,1,0.0,0.0,1.0,350034,4,4350034,0,0,0
393,0,3,28.0,2,0,7.925,0,1,0.0,0.0,1.0,3101277,4,43101277,0,0,0
394,1,1,23.0,1,0,113.275,1,0,0.0,0.0,1.0,35273,4,435273,4,36,436
395,1,3,24.0,0,2,16.7,1,0,0.0,0.0,1.0,9549,5,59549,7,6,76
396,0,3,22.0,0,0,7.7958,0,1,0.0,0.0,1.0,350052,4,4350052,0,0,0
397,0,3,31.0,0,0,7.8542,1,0,0.0,1.0,0.0,350407,4,4350407,0,0,0
398,0,2,46.0,0,0,26.0,0,1,1.0,0.0,0.0,28403,4,428403,0,0,0
399,0,2,23.0,0,0,10.5,0,1,0.0,0.0,1.0,244278,4,4244278,0,0,0
400,1,2,28.0,0,0,12.65,1,0,0.0,1.0,0.0,240929,4,4240929,0,0,0
401,1,3,39.0,0,0,7.925,0,1,0.0,0.0,1.0,0,19,190,0,0,0
402,0,3,26.0,0,0,8.05,0,1,0.0,0.0,1.0,341826,4,4341826,0,0,0
403,0,3,21.0,1,0,9.825,1,0,1.0,0.0,0.0,4137,4,44137,0,0,0
404,0,3,28.0,1,0,15.85,0,1,0.0,0.0,1.0,3101279,3,33101279,0,0,0
405,0,3,20.0,0,0,8.6625,1,0,1.0,0.0,0.0,315096,4,4315096,0,0,0
406,0,2,34.0,1,0,21.0,0,1,1.0,0.0,0.0,28664,4,428664,0,0,0
407,0,3,51.0,0,0,7.75,0,1,0.0,0.0,1.0,347064,4,4347064,0,0,0
408,1,2,3.0,1,1,18.75,0,1,1.0,0.0,0.0,29106,4,429106,0,0,0
409,0,3,21.0,0,0,7.775,0,1,0.0,1.0,0.0,312992,4,4312992,0,0,0
410,0,3,29.0,3,1,25.4667,1,0,0.0,0.0,1.0,4133,4,44133,0,0,0
411,0,3,29.0,0,0,7.8958,0,1,0.0,1.0,0.0,349222,4,4349222,0,0,0
412,0,3,29.0,0,0,6.8583,0,1,0.0,1.0,0.0,394140,4,4394140,0,0,0
413,1,1,33.0,1,0,90.0,1,0,0.0,0.0,1.0,19928,4,419928,3,78,378
414,0,2,29.0,0,0,0.0,0,1,0.0,0.0,1.0,239853,4,4239853,0,0,0
415,1,3,44.0,0,0,7.925,0,1,1.0,0.0,0.0,0,19,190,0,0,0
416,0,3,29.0,0,0,8.05,1,0,0.0,0.0,1.0,343095,4,4343095,0,0,0
417,1,2,34.0,1,1,32.5,1,0,0.0,0.0,1.0,28220,4,428220,0,0,0
418,1,2,18.0,0,2,13.0,1,0,1.0,0.0,0.0,250652,4,4250652,0,0,0
419,0,2,30.0,0,0,13.0,0,1,,,,28228,4,428228,0,0,0
420,0,3,10.0,0,2,24.15,1,0,,,,345773,4,4345773,0,0,0
421,0,3,29.0,0,0,7.8958,0,1,,,,349254,4,4349254,0,0,0
422,0,3,21.0,0,0,7.7333,0,1,,,,13032,6,613032,0,0,0
423,0,3,29.0,0,0,7.875,0,1,,,,315082,4,4315082,0,0,0
424,0,3,28.0,1,1,14.4,1,0,,,,347080,4,4347080,0,0,0
425,0,3,18.0,1,1,20.2125,0,1,,,,370129,4,4370129,0,0,0
426,0,3,29.0,0,0,7.25,0,1,,,,34244,11,1134244,0,0,0
427,1,2,28.0,1,0,26.0,1,0,,,,2003,4,42003,0,0,0
428,1,2,19.0,0,0,26.0,1,0,,,,250655,4,4250655,0,0,0
429,0,3,29.0,0,0,7.75,0,1,,,,364851,4,4364851,0,0,0
430,1,3,32.0,0,0,8.05,0,1,,,,392078,22,22392078,5,10,510
431,1,1,28.0,0,0,26.55,0,1,,,,110564,4,4110564,3,52,352
432,1,3,29.0,1,0,16.1,1,0,,,,376564,4,4376564,0,0,0
433,1,2,42.0,1,0,26.0,1,0,,,,3085,35,353085,0,0,0
434,0,3,17.0,0,0,7.125,0,1,,,,0,19,190,0,0,0
435,0,1,50.0,1,0,55.9,0,1,,,,13507,4,413507,5,44,544
436,1,1,14.0,1,2,120.0,1,0,,,,113760,4,4113760,22,9698,229698
437,0,3,21.0,2,2,34.375,1,0,,,,6608,16,166608,0,0,0
438,1,2,24.0,2,3,18.75,1,0,,,,29106,4,429106,0,0,0
439,0,1,64.0,1,4,263.0,0,1,,,,19950,4,419950,333,232527,333232527
440,0,2,31.0,0,0,10.5,0,1,,,,18723,7,718723,0,0,0
441,1,2,45.0,1,1,26.25,1,0,,,,13529,29,2913529,0,0,0
442,0,3,20.0,0,0,9.5,0,1,,,,345769,4,4345769,0,0,0
443,0,3,25.0,1,0,7.775,0,1,,,,347076,4,4347076,0,0,0
444,1,2,28.0,0,0,13.0,1,0,,,,230434,4,4230434,0,0,0
445,1,3,29.0,0,0,8.1125,0,1,,,,65306,4,465306,0,0,0
446,1,1,4.0,0,2,81.8583,0,1,,,,33638,4,433638,1,34,134
447,1,2,13.0,0,1,19.5,1,0,,,,250644,4,4250644,0,0,0
448,1,1,34.0,0,0,26.55,0,1,,,,113794,4,4113794,0,0,0
449,1,3,5.0,2,1,19.2583,1,0,,,,2666,4,42666,0,0,0
450,1,1,52.0,0,0,30.5,0,1,,,,113786,4,4113786,3,104,3104
451,0,2,36.0,1,2,27.75,0,1,,,,34651,7,734651,0,0,0
452,0,3,29.0,1,0,19.9667,0,1,,,,65303,4,465303,0,0,0
453,0,1,30.0,0,0,27.75,0,1,,,,113051,4,4113051,3,111,3111
454,1,1,49.0,1,0,89.1042,0,1,,,,17453,4,417453,3,92,392
455,0,3,29.0,0,0,8.05,0,1,,,,2817,1,12817,0,0,0
456,1,3,29.0,0,0,7.8958,0,1,,,,349240,4,4349240,0,0,0
457,0,1,65.0,0,0,26.55,0,1,,,,13509,4,413509,5,38,538
458,1,1,29.0,1,0,51.8625,1,0,,,,17464,4,417464,4,21,421
459,1,2,50.0,0,0,10.5,1,0,,,,13531,29,2913531,0,0,0
460,0,3,29.0,0,0,7.75,0,1,,,,371060,4,4371060,0,0,0
461,1,1,48.0,0,0,26.55,0,1,,,,19952,4,419952,5,12,512
462,0,3,34.0,0,0,8.05,0,1,,,,364506,4,4364506,0,0,0
463,0,1,47.0,0,0,38.5,0,1,,,,111320,4,4111320,5,63,563
464,0,2,48.0,0,0,13.0,0,1,,,,234360,4,4234360,0,0,0
465,0,3,29.0,0,0,8.05,0,1,,,,2816,36,362816,0,0,0
466,0,3,38.0,0,0,7.05,0,1,,,,3101306,22,223101306,0,0,0
467,0,2,29.0,0,0,0.0,0,1,,,,239853,4,4239853,0,0,0
468,0,1,56.0,0,0,26.55,0,1,,,,113792,4,4113792,0,0,0
469,0,3,29.0,0,0,7.725,0,1,,,,36209,4,436209,0,0,0
470,1,3,0.75,2,1,19.2583,1,0,,,,2666,4,42666,0,0,0
471,0,3,29.0,0,0,7.25,0,1,,,,323592,4,4323592,0,0,0
472,0,3,38.0,0,0,8.6625,0,1,,,,315089,4,4315089,0,0,0
473,1,2,33.0,1,2,27.75,1,0,,,,34651,7,734651,0,0,0
474,1,2,23.0,0,0,13.7917,1,0,,,,0,35,350,4,0,4
475,0,3,22.0,0,0,9.8375,1,0,,,,7553,4,47553,0,0,0
476,0,1,29.0,0,0,52.0,0,1,,,,110465,4,4110465,1,14,114
477,0,2,34.0,1,0,21.0,0,1,,,,31027,4,431027,0,0,0
478,0,3,29.0,1,0,7.0458,0,1,,,,3460,4,43460,0,0,0
479,0,3,22.0,0,0,7.5208,0,1,,,,350060,4,4350060,0,0,0
480,1,3,2.0,0,1,12.2875,1,0,,,,3101298,4,43101298,0,0,0
481,0,3,9.0,5,2,46.9,0,1,,,,2144,12,122144,0,0,0
482,0,2,29.0,0,0,0.0,0,1,,,,239854,4,4239854,0,0,0
483,0,3,50.0,0,0,8.05,0,1,,,,3594,1,13594,0,0,0
484,1,3,63.0,0,0,9.5875,1,0,,,,4134,4,44134,0,0,0
485,1,1,25.0,1,0,91.0792,0,1,,,,11967,4,411967,2,49,249
486,0,3,29.0,3,1,25.4667,1,0,,,,4133,4,44133,0,0,0
487,1,1,35.0,1,0,90.0,1,0,,,,19943,4,419943,3,93,393
488,0,1,58.0,0,0,29.7,0,1,,,,11771,4,411771,2,37,237
489,0,3,30.0,0,0,8.05,0,1,,,,18509,25,2518509,0,0,0
490,1,3,9.0,1,1,15.9,0,1,,,,37671,7,737671,0,0,0
491,0,3,29.0,1,0,19.9667,0,1,,,,65304,4,465304,0,0,0
492,0,3,21.0,0,0,7.25,0,1,,,,3101317,17,173101317,0,0,0
493,0,1,55.0,0,0,30.5,0,1,,,,113787,4,4113787,3,30,330
494,0,1,71.0,0,0,49.5042,0,1,,,,17609,2,217609,0,0,0
495,0,3,21.0,0,0,8.05,0,1,,,,45380,37,3745380,0,0,0
496,0,3,29.0,0,0,14.4583,0,1,,,,2627,4,42627,0,0,0
497,1,1,54.0,1,0,78.2667,1,0,,,,36947,4,436947,4,20,420
498,0,3,29.0,0,0,15.1,0,1,,,,6212,7,76212,0,0,0
499,0,1,25.0,1,2,151.55,1,0,,,,113781,4,4113781,33,2226,332226
500,0,3,24.0,0,0,7.7958,0,1,,,,350035,4,4350035,0,0,0
501,0,3,17.0,0,0,8.6625,0,1,,,,315086,4,4315086,0,0,0
502,0,3,21.0,0,0,7.75,1,0,,,,364846,4,4364846,0,0,0
503,0,3,29.0,0,0,7.6292,1,0,,,,330909,4,4330909,0,0,0
504,0,3,37.0,0,0,9.5875,1,0,,,,4135,4,44135,0,0,0
505,1,1,16.0,0,0,86.5,1,0,,,,110152,4,4110152,2,79,279
506,0,1,18.0,1,0,108.9,0,1,,,,17758,2,217758,3,65,365
507,1,2,33.0,0,2,26.0,1,0,,,,26360,4,426360,0,0,0
508,1,1,29.0,0,0,26.55,0,1,,,,111427,4,4111427,0,0,0
509,0,3,28.0,0,0,22.525,0,1,,,,4001,21,214001,0,0,0
510,1,3,26.0,0,0,56.4958,0,1,,,,1601,4,41601,0,0,0
511,1,3,29.0,0,0,7.75,0,1,,,,382651,4,4382651,0,0,0
512,0,3,29.0,0,0,8.05,0,1,,,,3101316,17,173101316,0,0,0
513,1,1,36.0,0,0,26.2875,0,1,,,,17473,2,217473,5,25,525
514,1,1,54.0,1,0,59.4,1,0,,,,17603,2,217603,0,0,0
515,0,3,24.0,0,0,7.4958,0,1,,,,349209,4,4349209,0,0,0
516,0,1,47.0,0,0,34.0208,0,1,,,,36967,4,436967,4,46,446
517,1,2,34.0,0,0,10.5,1,0,,,,34260,7,734260,6,33,633
518,0,3,29.0,0,0,24.15,0,1,,,,371110,4,4371110,0,0,0
519,1,2,36.0,1,0,26.0,1,0,,,,226875,4,4226875,0,0,0
520,0,3,32.0,0,0,7.8958,0,1,,,,349242,4,4349242,0,0,0
521,1,1,30.0,0,0,93.5,1,0,,,,12749,4,412749,2,73,273
522,0,3,22.0,0,0,7.8958,0,1,,,,349252,4,4349252,0,0,0
523,0,3,29.0,0,0,7.225,0,1,,,,2624,4,42624,0,0,0
524,1,1,44.0,0,1,57.9792,1,0,,,,111361,4,4111361,2,18,218
525,0,3,29.0,0,0,7.2292,0,1,,,,2700,4,42700,0,0,0
526,0,3,40.5,0,0,7.75,0,1,,,,367232,4,4367232,0,0,0
527,1,2,50.0,0,0,10.5,1,0,,,,14258,16,1614258,0,0,0
528,0,1,29.0,0,0,221.7792,0,1,,,,17483,2,217483,3,95,395
529,0,3,39.0,0,0,7.925,0,1,,,,3101296,4,43101296,0,0,0
530,0,2,23.0,2,1,11.5,0,1,,,,29104,4,429104,0,0,0
531,1,2,2.0,1,1,26.0,1,0,,,,26360,4,426360,0,0,0
532,0,3,29.0,0,0,7.2292,0,1,,,,2641,4,42641,0,0,0
533,0,3,17.0,1,1,7.2292,0,1,,,,2690,4,42690,0,0,0
534,1,3,29.0,0,2,22.3583,1,0,,,,2668,4,42668,0,0,0
535,0,3,30.0,0,0,8.6625,1,0,,,,315084,4,4315084,0,0,0
536,1,2,7.0,0,2,26.25,1,0,,,,13529,29,2913529,0,0,0
537,0,1,45.0,0,0,26.55,0,1,,,,113050,4,4113050,2,38,238
538,1,1,30.0,0,0,106.425,1,0,,,,17761,2,217761,0,0,0
539,0,3,29.0,0,0,14.5,0,1,,,,364498,4,4364498,0,0,0
540,1,1,22.0,0,2,49.5,1,0,,,,13568,4,413568,2,39,239
541,1,1,36.0,0,2,71.0,1,0,,,,5735,38,385735,2,22,222
542,0,3,9.0,4,2,31.275,1,0,,,,347082,4,4347082,0,0,0
543,0,3,11.0,4,2,31.275,1,0,,,,347082,4,4347082,0,0,0
544,1,2,32.0,1,0,26.0,0,1,,,,2908,4,42908,0,0,0
545,0,1,50.0,1,0,106.425,0,1,,,,17761,2,217761,3,86,386
546,0,1,64.0,0,0,26.0,0,1,,,,693,4,4693,0,0,0
547,1,2,19.0,1,0,26.0,1,0,,,,2908,4,42908,0,0,0
548,1,2,29.0,0,0,13.8625,0,1,,,,2146,23,232146,0,0,0
549,0,3,33.0,1,1,20.525,0,1,,,,363291,4,4363291,0,0,0
550,1,2,8.0,1,1,36.75,0,1,,,,33112,7,733112,0,0,0
551,1,1,17.0,0,2,110.8833,0,1,,,,17421,4,417421,3,70,370
552,0,2,27.0,0,0,26.0,0,1,,,,244358,4,4244358,0,0,0
553,0,3,29.0,0,0,7.8292,0,1,,,,330979,4,4330979,0,0,0
554,1,3,22.0,0,0,7.225,0,1,,,,2620,4,42620,0,0,0
555,1,3,22.0,0,0,7.775,1,0,,,,347085,4,4347085,0,0,0
556,0,1,62.0,0,0,26.55,0,1,,,,113807,4,4113807,0,0,0
557,1,1,48.0,1,0,39.6,1,0,,,,11755,4,411755,1,16,116
558,0,1,29.0,0,0,227.525,0,1,,,,17757,2,217757,0,0,0
559,1,1,39.0,1,1,79.65,1,0,,,,110413,4,4110413,5,67,567
560,1,3,36.0,1,0,17.4,1,0,,,,345572,4,4345572,0,0,0
561,0,3,29.0,0,0,7.75,0,1,,,,372622,4,4372622,0,0,0
562,0,3,40.0,0,0,7.8958,0,1,,,,349251,4,4349251,0,0,0
563,0,2,28.0,0,0,13.5,0,1,,,,218629,4,4218629,0,0,0
564,0,3,29.0,0,0,8.05,0,1,,,,392082,17,17392082,0,0,0
565,0,3,29.0,0,0,8.05,1,0,,,,392087,22,22392087,0,0,0
566,0,3,24.0,2,0,24.15,0,1,,,,48871,37,3748871,0,0,0
567,0,3,19.0,0,0,7.8958,0,1,,,,349205,4,4349205,0,0,0
568,0,3,29.0,0,4,21.075,1,0,,,,349909,4,4349909,0,0,0
569,0,3,29.0,0,0,7.2292,0,1,,,,2686,4,42686,0,0,0
570,1,3,32.0,0,0,7.8542,0,1,,,,350417,4,4350417,0,0,0
571,1,2,62.0,0,0,10.5,0,1,,,,752,39,39752,0,0,0
572,1,1,53.0,2,0,51.4792,1,0,,,,11769,4,411769,3,101,3101
573,1,1,36.0,0,0,26.3875,0,1,,,,17474,2,217474,5,25,525
574,1,3,29.0,0,0,7.75,1,0,,,,14312,4,414312,0,0,0
575,0,3,16.0,0,0,8.05,0,1,,,,20589,11,1120589,0,0,0
576,0,3,19.0,0,0,14.5,0,1,,,,358585,4,4358585,0,0,0
577,1,2,34.0,0,0,13.0,1,0,,,,243880,4,4243880,0,0,0
578,1,1,39.0,1,0,55.9,1,0,,,,13507,4,413507,5,44,544
579,0,3,29.0,1,0,14.4583,1,0,,,,2689,4,42689,0,0,0
580,1,3,32.0,0,0,7.925,0,1,,,,0,19,190,0,0,0
581,1,2,25.0,1,1,30.0,1,0,,,,237789,4,4237789,0,0,0
582,1,1,39.0,1,1,110.8833,1,0,,,,17421,4,417421,3,68,368
583,0,2,54.0,0,0,26.0,0,1,,,,28403,4,428403,0,0,0
584,0,1,36.0,0,0,40.125,0,1,,,,13049,4,413049,1,10,110
585,0,3,29.0,0,0,8.7125,0,1,,,,3411,4,43411,0,0,0
586,1,1,18.0,0,2,79.65,1,0,,,,110413,4,4110413,5,68,568
587,0,2,47.0,0,0,15.0,0,1,,,,237565,4,4237565,0,0,0
588,1,1,60.0,1,1,79.2,0,1,,,,13567,4,413567,2,41,241
589,0,3,22.0,0,0,8.05,0,1,,,,14973,4,414973,0,0,0
590,0,3,29.0,0,0,8.05,0,1,,,,3235,8,83235,0,0,0
591,0,3,35.0,0,0,7.125,0,1,,,,0,19,190,0,0,0
592,1,1,52.0,1,0,78.2667,1,0,,,,36947,4,436947,4,20,420
593,0,3,47.0,0,0,7.25,0,1,,,,3902,1,13902,0,0,0
594,0,3,29.0,0,2,7.75,1,0,,,,364848,4,4364848,0,0,0
595,0,2,37.0,1,0,26.0,0,1,,,,29037,35,3529037,0,0,0
596,0,3,36.0,1,1,24.15,0,1,,,,345773,4,4345773,0,0,0
597,1,2,29.0,0,0,33.0,1,0,,,,248727,4,4248727,0,0,0
598,0,3,49.0,0,0,0.0,0,1,,,,0,28,280,0,0,0
599,0,3,29.0,0,0,7.225,0,1,,,,2664,4,42664,0,0,0
600,1,1,49.0,1,0,56.9292,0,1,,,,17485,2,217485,1,20,120
601,1,2,24.0,2,1,27.0,1,0,,,,243847,4,4243847,0,0,0
602,0,3,29.0,0,0,7.8958,0,1,,,,349214,4,4349214,0,0,0
603,0,1,29.0,0,0,42.4,0,1,,,,113796,4,4113796,0,0,0
604,0,3,44.0,0,0,8.05,0,1,,,,364511,4,4364511,0,0,0
605,1,1,35.0,0,0,26.55,0,1,,,,111426,4,4111426,0,0,0
606,0,3,36.0,1,0,15.55,0,1,,,,349910,4,4349910,0,0,0
607,0,3,30.0,0,0,7.8958,0,1,,,,349246,4,4349246,0,0,0
608,1,1,27.0,0,0,30.5,0,1,,,,113804,4,4113804,0,0,0
609,1,2,22.0,1,2,41.5792,1,0,,,,2123,9,92123,0,0,0
610,1,1,40.0,0,0,153.4625,1,0,,,,17582,2,217582,3,125,3125
611,0,3,39.0,1,5,31.275,1,0,,,,347082,4,4347082,0,0,0
612,0,3,29.0,0,0,7.05,0,1,,,,3101305,22,223101305,0,0,0
613,1,3,29.0,1,0,15.5,1,0,,,,367230,4,4367230,0,0,0
614,0,3,29.0,0,0,7.75,0,1,,,,370377,4,4370377,0,0,0
615,0,3,35.0,0,0,8.05,0,1,,,,364512,4,4364512,0,0,0
616,1,2,24.0,1,2,65.0,1,0,,,,220845,4,4220845,0,0,0
617,0,3,34.0,1,1,14.4,0,1,,,,347080,4,4347080,0,0,0
618,0,3,26.0,1,0,16.1,1,0,,,,3336,6,63336,0,0,0
619,1,2,4.0,2,1,39.0,1,0,,,,230136,4,4230136,6,4,64
620,0,2,26.0,0,0,10.5,0,1,,,,31028,4,431028,0,0,0
621,0,3,27.0,1,0,14.4542,0,1,,,,2659,4,42659,0,0,0
622,1,1,42.0,1,0,52.5542,0,1,,,,11753,4,411753,4,19,419
623,1,3,20.0,1,1,15.7417,0,1,,,,2653,4,42653,0,0,0
624,0,3,21.0,0,0,7.8542,0,1,,,,350029,4,4350029,0,0,0
625,0,3,21.0,0,0,16.1,0,1,,,,54636,4,454636,0,0,0
626,0,1,61.0,0,0,32.3208,0,1,,,,36963,4,436963,4,50,450
627,0,2,57.0,0,0,12.35,0,1,,,,219533,4,4219533,0,0,0
628,1,1,21.0,0,0,77.9583,1,0,,,,13502,4,413502,4,9,49
629,0,3,26.0,0,0,7.8958,0,1,,,,349224,4,4349224,0,0,0
630,0,3,29.0,0,0,7.7333,0,1,,,,334912,4,4334912,0,0,0
631,1,1,80.0,0,0,30.0,0,1,,,,27042,4,427042,1,23,123
632,0,3,51.0,0,0,7.0542,0,1,,,,347743,4,4347743,0,0,0
633,1,1,32.0,0,0,30.5,0,1,,,,13214,4,413214,2,50,250
634,0,1,29.0,0,0,0.0,0,1,,,,112052,4,4112052,0,0,0
635,0,3,9.0,3,2,27.9,1,0,,,,347088,4,4347088,0,0,0
636,1,2,28.0,0,0,13.0,1,0,,,,237668,4,4237668,0,0,0
637,0,3,32.0,0,0,7.925,0,1,,,,0,19,190,0,0,0
638,0,2,31.0,1,1,26.25,0,1,,,,31921,7,731921,0,0,0
639,0,3,41.0,0,5,39.6875,1,0,,,,3101295,4,43101295,0,0,0
640,0,3,29.0,1,0,16.1,0,1,,,,376564,4,4376564,0,0,0
641,0,3,20.0,0,0,7.8542,0,1,,,,350050,4,4350050,0,0,0
642,1,1,24.0,0,0,69.3,1,0,,,,17477,2,217477,2,35,235
643,0,3,2.0,3,2,27.9,1,0,,,,347088,4,4347088,0,0,0
644,1,3,29.0,0,0,56.4958,0,1,,,,1601,4,41601,0,0,0
645,1,3,0.75,2,1,19.2583,1,0,,,,2666,4,42666,0,0,0
646,1,1,48.0,1,0,76.7292,0,1,,,,17572,2,217572,4,33,433
647,0,3,19.0,0,0,7.8958,0,1,,,,349231,4,4349231,0,0,0
648,1,1,56.0,0,0,35.5,0,1,,,,13213,4,413213,1,26,126
649,0,3,29.0,0,0,7.55,0,1,,,,751,40,40751,0,0,0
650,1,3,23.0,0,0,7.55,1,0,,,,2314,27,272314,0,0,0
651,0,3,29.0,0,0,7.8958,0,1,,,,349221,4,4349221,0,0,0
652,1,2,18.0,0,1,23.0,1,0,,,,231919,4,4231919,0,0,0
653,0,3,21.0,0,0,8.4333,0,1,,,,8475,4,48475,0,0,0
654,1,3,29.0,0,0,7.8292,1,0,,,,330919,4,4330919,0,0,0
655,0,3,18.0,0,0,6.75,1,0,,,,365226,4,4365226,0,0,0
656,0,2,24.0,2,0,73.5,0,1,,,,14879,14,1414879,0,0,0
657,0,3,29.0,0,0,7.8958,0,1,,,,349223,4,4349223,0,0,0
658,0,3,32.0,1,1,15.5,1,0,,,,364849,4,4364849,0,0,0
659,0,2,23.0,0,0,13.0,0,1,,,,29751,4,429751,0,0,0
660,0,1,58.0,0,2,113.275,0,1,,,,35273,4,435273,4,48,448
661,1,1,50.0,2,0,133.65,0,1,,,,17611,2,217611,0,0,0
662,0,3,40.0,0,0,7.225,0,1,,,,2623,4,42623,0,0,0
663,0,1,47.0,0,0,25.5875,0,1,,,,5727,4,45727,5,58,558
664,0,3,36.0,0,0,7.4958,0,1,,,,349210,4,4349210,0,0,0
665,1,3,20.0,1,0,7.925,0,1,,,,0,19,190,0,0,0
666,0,2,32.0,2,0,73.5,0,1,,,,14879,14,1414879,0,0,0
667,0,2,25.0,0,0,13.0,0,1,,,,234686,4,4234686,0,0,0
668,0,3,29.0,0,0,7.775,0,1,,,,312993,4,4312993,0,0,0
669,0,3,43.0,0,0,8.05,0,1,,,,3536,1,13536,0,0,0
670,1,1,29.0,1,0,52.0,1,0,,,,19996,4,419996,3,126,3126
671,1,2,40.0,1,1,39.0,1,0,,,,29750,4,429750,0,0,0
672,0,1,31.0,1,0,52.0,0,1,,,,12750,41,4112750,2,71,271
673,0,2,70.0,0,0,10.5,0,1,,,,24580,7,724580,0,0,0
674,1,2,31.0,0,0,13.0,0,1,,,,244270,4,4244270,0,0,0
675,0,2,29.0,0,0,0.0,0,1,,,,239856,4,4239856,0,0,0
676,0,3,18.0,0,0,7.775,0,1,,,,349912,4,4349912,0,0,0
677,0,3,24.5,0,0,8.05,0,1,,,,342826,4,4342826,0,0,0
678,1,3,18.0,0,0,9.8417,1,0,,,,4138,4,44138,0,0,0
679,0,3,43.0,1,6,46.9,1,0,,,,2144,12,122144,0,0,0
680,1,1,36.0,0,1,512.3292,0,1,,,,17755,2,217755,222,515355,222515355
681,0,3,29.0,0,0,8.1375,1,0,,,,330935,4,4330935,0,0,0
682,1,1,27.0,0,0,76.7292,0,1,,,,17572,2,217572,4,49,449
683,0,3,20.0,0,0,9.225,0,1,,,,6563,4,46563,0,0,0
684,0,3,14.0,5,2,46.9,0,1,,,,2144,12,122144,0,0,0
685,0,2,60.0,1,1,39.0,0,1,,,,29750,4,429750,0,0,0
686,0,2,25.0,1,2,41.5792,0,1,,,,2123,9,92123,0,0,0
687,0,3,14.0,4,1,39.6875,0,1,,,,3101295,4,43101295,0,0,0
688,0,3,19.0,0,0,10.1708,0,1,,,,349228,4,4349228,0,0,0
689,0,3,18.0,0,0,7.7958,0,1,,,,350036,4,4350036,0,0,0
690,1,1,15.0,0,1,211.3375,1,0,,,,24160,4,424160,2,5,25
691,1,1,31.0,1,0,57.0,0,1,,,,17474,4,417474,2,20,220
692,1,3,4.0,0,1,13.4167,1,0,,,,349256,4,4349256,0,0,0
693,1,3,29.0,0,0,56.4958,0,1,,,,1601,4,41601,0,0,0
694,0,3,25.0,0,0,7.225,0,1,,,,2672,4,42672,0,0,0
695,0,1,60.0,0,0,26.55,0,1,,,,113800,4,4113800,0,0,0
696,0,2,52.0,0,0,13.5,0,1,,,,248731,4,4248731,0,0,0
697,0,3,44.0,0,0,8.05,0,1,,,,363592,4,4363592,0,0,0
698,1,3,29.0,0,0,7.7333,1,0,,,,35852,4,435852,0,0,0
699,0,1,49.0,1,1,110.8833,0,1,,,,17421,4,417421,3,68,368
700,0,3,42.0,0,0,7.65,0,1,,,,348121,4,4348121,67,63,6763
701,1,1,18.0,1,0,227.525,1,0,,,,17757,2,217757,33,6264,336264
702,1,1,35.0,0,0,26.2875,0,1,,,,17475,2,217475,5,24,524
703,0,3,18.0,0,1,14.4542,1,0,,,,2691,4,42691,0,0,0
704,0,3,25.0,0,0,7.7417,0,1,,,,36864,4,436864,0,0,0
705,0,3,26.0,1,0,7.8542,0,1,,,,350025,4,4350025,0,0,0
706,0,2,39.0,0,0,26.0,0,1,,,,250655,4,4250655,0,0,0
707,1,2,45.0,0,0,13.5,1,0,,,,223596,4,4223596,0,0,0
708,1,1,42.0,0,0,26.2875,0,1,,,,17476,2,217476,5,24,524
709,1,1,22.0,0,0,151.55,1,0,,,,113781,4,4113781,0,0,0
710,1,3,29.0,1,1,15.2458,0,1,,,,2661,4,42661,0,0,0
711,1,1,24.0,0,0,49.5042,1,0,,,,17482,2,217482,3,90,390
712,0,1,29.0,0,0,26.55,0,1,,,,113028,4,4113028,3,124,3124
713,1,1,48.0,1,0,52.0,0,1,,,,19996,4,419996,3,126,3126
714,0,3,29.0,0,0,9.4833,0,1,,,,7545,4,47545,0,0,0
715,0,2,52.0,0,0,13.0,0,1,,,,250647,4,4250647,0,0,0
716,0,3,19.0,0,0,7.65,0,1,,,,348124,4,4348124,67,73,6773
717,1,1,38.0,0,0,227.525,1,0,,,,17757,2,217757,3,45,345
718,1,2,27.0,0,0,10.5,1,0,,,,34218,4,434218,5,101,5101
719,0,3,29.0,0,0,15.5,0,1,,,,36568,4,436568,0,0,0
720,0,3,33.0,0,0,7.775,0,1,,,,347062,4,4347062,0,0,0
721,1,2,6.0,0,1,33.0,1,0,,,,248727,4,4248727,0,0,0
722,0,3,17.0,1,0,7.0542,0,1,,,,350048,4,4350048,0,0,0
723,0,2,34.0,0,0,13.0,0,1,,,,12233,4,412233,0,0,0
724,0,2,50.0,0,0,13.0,0,1,,,,250643,4,4250643,0,0,0
725,1,1,27.0,1,0,53.1,0,1,,,,113806,4,4113806,5,8,58
726,0,3,20.0,0,0,8.6625,0,1,,,,315094,4,4315094,0,0,0
727,1,2,30.0,3,0,21.0,1,0,,,,31027,4,431027,0,0,0
728,1,3,29.0,0,0,7.7375,1,0,,,,36866,4,436866,0,0,0
729,0,2,25.0,1,0,26.0,0,1,,,,236853,4,4236853,0,0,0
730,0,3,25.0,1,0,7.925,1,0,,,,3101271,3,33101271,0,0,0
731,1,1,29.0,0,0,211.3375,1,0,,,,24160,4,424160,2,5,25
732,0,3,11.0,0,0,18.7875,0,1,,,,2699,4,42699,0,0,0
733,0,2,29.0,0,0,0.0,0,1,,,,239855,4,4239855,0,0,0
734,0,2,23.0,0,0,13.0,0,1,,,,28425,4,428425,0,0,0
735,0,2,23.0,0,0,13.0,0,1,,,,233639,4,4233639,0,0,0
736,0,3,28.5,0,0,16.1,0,1,,,,54636,4,454636,0,0,0
737,0,3,48.0,1,3,34.375,1,0,,,,6608,16,166608,0,0,0
738,1,1,35.0,0,0,512.3292,0,1,,,,17755,2,217755,2,101,2101
739,0,3,29.0,0,0,7.8958,0,1,,,,349201,4,4349201,0,0,0
740,0,3,29.0,0,0,7.8958,0,1,,,,349218,4,4349218,0,0,0
741,1,1,29.0,0,0,30.0,0,1,,,,16988,4,416988,4,45,445
742,0,1,36.0,1,0,78.85,0,1,,,,19877,4,419877,3,46,346
743,1,1,21.0,2,2,262.375,1,0,,,,17608,2,217608,2222,57596366,222257596366
744,0,3,24.0,1,0,16.1,0,1,,,,376566,4,4376566,0,0,0
745,1,3,31.0,0,0,7.925,0,1,,,,0,19,190,0,0,0
746,0,1,70.0,1,1,71.0,0,1,,,,5735,38,385735,2,22,222
747,0,3,16.0,1,1,20.25,0,1,,,,2673,7,72673,0,0,0
748,1,2,30.0,0,0,13.0,1,0,,,,250648,4,4250648,0,0,0
749,0,1,19.0,1,0,53.1,0,1,,,,113773,4,4113773,4,30,430
750,0,3,31.0,0,0,7.75,0,1,,,,335097,4,4335097,0,0,0
751,1,2,4.0,1,1,23.0,1,0,,,,29103,4,429103,0,0,0
752,1,3,6.0,0,1,12.475,0,1,,,,392096,4,4392096,5,121,5121
753,0,3,33.0,0,0,9.5,0,1,,,,345780,4,4345780,0,0,0
754,0,3,23.0,0,0,7.8958,0,1,,,,349204,4,4349204,0,0,0
755,1,2,48.0,1,2,65.0,1,0,,,,220845,4,4220845,0,0,0
756,1,2,0.67,1,1,14.5,0,1,,,,250649,4,4250649,0,0,0
757,0,3,28.0,0,0,7.7958,0,1,,,,350042,4,4350042,0,0,0
758,0,2,18.0,0,0,11.5,0,1,,,,29108,4,429108,0,0,0
759,0,3,34.0,0,0,8.05,0,1,,,,363294,4,4363294,0,0,0
760,1,1,33.0,0,0,86.5,1,0,,,,110152,4,4110152,2,77,277
761,0,3,29.0,0,0,14.5,0,1,,,,358585,4,4358585,0,0,0
762,0,3,41.0,0,0,7.125,0,1,,,,3101272,42,423101272,0,0,0
763,1,3,20.0,0,0,7.2292,0,1,,,,2663,4,42663,0,0,0
764,1,1,36.0,1,2,120.0,1,0,,,,113760,4,4113760,22,9698,229698
765,0,3,16.0,0,0,7.775,0,1,,,,347074,4,4347074,0,0,0
766,1,1,51.0,1,0,77.9583,1,0,,,,13502,4,413502,4,11,411
767,0,1,29.0,0,0,39.6,0,1,,,,112379,4,4112379,0,0,0
768,0,3,30.5,0,0,7.75,1,0,,,,364850,4,4364850,0,0,0
769,0,3,29.0,1,0,24.15,0,1,,,,371110,4,4371110,0,0,0
770,0,3,32.0,0,0,8.3625,0,1,,,,8471,4,48471,0,0,0
771,0,3,24.0,0,0,9.5,0,1,,,,345781,4,4345781,0,0,0
772,0,3,48.0,0,0,7.8542,0,1,,,,350047,4,4350047,0,0,0
773,0,2,57.0,0,0,10.5,1,0,,,,3,40,403,5,77,577
774,0,3,29.0,0,0,7.225,0,1,,,,2674,4,42674,0,0,0
775,1,2,54.0,1,3,23.0,1,0,,,,29105,4,429105,0,0,0
776,0,3,18.0,0,0,7.75,0,1,,,,347078,4,4347078,0,0,0
777,0,3,29.0,0,0,7.75,0,1,,,,383121,4,4383121,6,38,638
778,1,3,5.0,0,0,12.475,1,0,,,,364516,4,4364516,0,0,0
779,0,3,29.0,0,0,7.7375,0,1,,,,36865,4,436865,0,0,0
780,1,1,43.0,0,1,211.3375,1,0,,,,24160,4,424160,2,3,23
781,1,3,13.0,0,0,7.2292,1,0,,,,2687,4,42687,0,0,0
782,1,1,17.0,1,0,57.0,1,0,,,,17474,4,417474,2,20,220
783,0,1,29.0,0,0,30.0,0,1,,,,113501,4,4113501,4,6,46
784,0,3,29.0,1,2,23.45,0,1,,,,6607,16,166607,0,0,0
785,0,3,25.0,0,0,7.05,0,1,,,,3101312,22,223101312,0,0,0
786,0,3,25.0,0,0,7.25,0,1,,,,374887,4,4374887,0,0,0
787,1,3,18.0,0,0,7.4958,1,0,,,,3101265,4,43101265,0,0,0
788,0,3,8.0,4,1,29.125,0,1,,,,382652,4,4382652,0,0,0
789,1,3,1.0,1,2,20.575,0,1,,,,2315,7,72315,0,0,0
790,0,1,46.0,0,0,79.2,0,1,,,,17593,2,217593,22,8284,228284
791,0,3,29.0,0,0,7.75,0,1,,,,12460,4,412460,0,0,0
792,0,2,16.0,0,0,26.0,0,1,,,,239865,4,4239865,0,0,0
793,0,3,29.0,8,2,69.55,1,0,,,,2343,27,272343,0,0,0
794,0,1,29.0,0,0,30.6958,0,1,,,,17600,2,217600,0,0,0
795,0,3,25.0,0,0,7.8958,0,1,,,,349203,4,4349203,0,0,0
796,0,2,39.0,0,0,13.0,0,1,,,,28213,4,428213,0,0,0
797,1,1,49.0,0,0,25.9292,1,0,,,,17465,4,417465,4,17,417
798,1,3,31.0,0,0,8.6833,1,0,,,,349244,4,4349244,0,0,0
799,0,3,30.0,0,0,7.2292,0,1,,,,2685,4,42685,0,0,0
800,0,3,30.0,1,1,24.15,1,0,,,,345773,4,4345773,0,0,0
801,0,2,34.0,0,0,13.0,0,1,,,,250647,4,4250647,0,0,0
802,1,2,31.0,1,1,26.25,1,0,,,,31921,7,731921,0,0,0
803,1,1,11.0,1,2,120.0,0,1,,,,113760,4,4113760,22,9698,229698
804,1,3,0.42,0,1,8.5167,0,1,,,,2625,4,42625,0,0,0
805,1,3,27.0,0,0,6.975,0,1,,,,347089,4,4347089,0,0,0
806,0,3,31.0,0,0,7.775,0,1,,,,347063,4,4347063,0,0,0
807,0,1,39.0,0,0,0.0,0,1,,,,112050,4,4112050,1,36,136
808,0,3,18.0,0,0,7.775,1,0,,,,347087,4,4347087,0,0,0
809,0,2,39.0,0,0,13.0,0,1,,,,248723,4,4248723,0,0,0
810,1,1,33.0,1,0,53.1,1,0,,,,113806,4,4113806,5,8,58
811,0,3,26.0,0,0,7.8875,0,1,,,,3474,4,43474,0,0,0
812,0,3,39.0,0,0,24.15,0,1,,,,48871,37,3748871,0,0,0
813,0,2,35.0,0,0,10.5,0,1,,,,28206,4,428206,0,0,0
814,0,3,6.0,4,2,31.275,1,0,,,,347082,4,4347082,0,0,0
815,0,3,30.5,0,0,8.05,0,1,,,,364499,4,4364499,0,0,0
816,0,1,29.0,0,0,0.0,0,1,,,,112058,4,4112058,2,102,2102
817,0,3,23.0,0,0,7.925,1,0,,,,3101290,3,33101290,0,0,0
818,0,2,31.0,1,1,37.0042,0,1,,,,2079,43,432079,0,0,0
819,0,3,43.0,0,0,6.45,0,1,,,,7075,21,217075,0,0,0
820,0,3,10.0,3,2,27.9,0,1,,,,347088,4,4347088,0,0,0
821,1,1,52.0,1,1,93.5,1,0,,,,12749,4,412749,2,69,269
822,1,3,27.0,0,0,8.6625,0,1,,,,315098,4,4315098,0,0,0
823,0,1,38.0,0,0,0.0,0,1,,,,19972,4,419972,0,0,0
824,1,3,27.0,0,1,12.475,1,0,,,,392096,4,4392096,5,121,5121
825,0,3,2.0,4,1,39.6875,0,1,,,,3101295,4,43101295,0,0,0
826,0,3,29.0,0,0,6.95,0,1,,,,368323,4,4368323,0,0,0
827,0,3,29.0,0,0,56.4958,0,1,,,,1601,4,41601,0,0,0
828,1,2,1.0,0,2,37.0042,0,1,,,,2079,43,432079,0,0,0
829,1,3,29.0,0,0,7.75,0,1,,,,367228,4,4367228,0,0,0
830,1,1,62.0,0,0,80.0,1,0,,,,113572,4,4113572,2,28,228
831,1,3,15.0,1,0,14.4542,1,0,,,,2659,4,42659,0,0,0
832,1,2,0.83,1,1,18.75,0,1,,,,29106,4,429106,0,0,0
833,0,3,29.0,0,0,7.2292,0,1,,,,2671,4,42671,0,0,0
834,0,3,23.0,0,0,7.8542,0,1,,,,347468,4,4347468,0,0,0
835,0,3,18.0,0,0,8.3,0,1,,,,2223,4,42223,0,0,0
836,1,1,39.0,1,1,83.1583,1,0,,,,17756,2,217756,5,49,549
837,0,3,21.0,0,0,8.6625,0,1,,,,315097,4,4315097,0,0,0
838,0,3,29.0,0,0,8.05,0,1,,,,392092,4,4392092,0,0,0
839,1,3,32.0,0,0,56.4958,0,1,,,,1601,4,41601,0,0,0
840,1,1,29.0,0,0,29.7,0,1,,,,11774,4,411774,3,47,347
841,0,3,20.0,0,0,7.925,0,1,,,,3101287,42,423101287,0,0,0
842,0,2,16.0,0,0,10.5,0,1,,,,3,40,403,0,0,0
843,1,1,30.0,0,0,31.0,1,0,,,,113798,4,4113798,0,0,0
844,0,3,34.5,0,0,6.4375,0,1,,,,2683,4,42683,0,0,0
845,0,3,17.0,0,0,8.6625,0,1,,,,315090,4,4315090,0,0,0
846,0,3,42.0,0,0,7.55,0,1,,,,5547,7,75547,0,0,0
847,0,3,29.0,8,2,69.55,0,1,,,,2343,27,272343,0,0,0
848,0,3,35.0,0,0,7.8958,0,1,,,,349213,4,4349213,0,0,0
849,0,2,28.0,0,1,33.0,0,1,,,,248727,4,4248727,0,0,0
850,1,1,29.0,1,0,89.1042,1,0,,,,17453,4,417453,3,92,392
851,0,3,4.0,4,2,31.275,0,1,,,,347082,4,4347082,0,0,0
852,0,3,74.0,0,0,7.775,0,1,,,,347060,4,4347060,0,0,0
853,0,3,9.0,1,1,15.2458,1,0,,,,2678,4,42678,0,0,0
854,1,1,16.0,0,1,39.4,1,0,,,,17592,2,217592,4,28,428
855,0,2,44.0,1,0,26.0,1,0,,,,244252,4,4244252,0,0,0
856,1,3,18.0,0,1,9.35,1,0,,,,392091,4,4392091,0,0,0
857,1,1,45.0,1,1,164.8667,1,0,,,,36928,4,436928,0,0,0
858,1,1,51.0,0,0,26.55,0,1,,,,113055,4,4113055,5,17,517
859,1,3,24.0,0,3,19.2583,1,0,,,,2666,4,42666,0,0,0
860,0,3,29.0,0,0,7.2292,0,1,,,,2629,4,42629,0,0,0
861,0,3,41.0,2,0,14.1083,0,1,,,,350026,4,4350026,0,0,0
862,0,2,21.0,1,0,11.5,0,1,,,,28134,4,428134,0,0,0
863,1,1,48.0,0,0,25.9292,1,0,,,,17466,4,417466,4,17,417
864,0,3,29.0,8,2,69.55,1,0,,,,2343,27,272343,0,0,0
865,0,2,24.0,0,0,13.0,0,1,,,,233866,4,4233866,0,0,0
866,1,2,42.0,0,0,13.0,1,0,,,,236852,4,4236852,0,0,0
867,1,2,27.0,1,0,13.8583,1,0,,,,2149,23,232149,0,0,0
868,0,1,31.0,0,0,50.4958,0,1,,,,17590,2,217590,1,24,124
869,0,3,29.0,0,0,9.5,0,1,,,,345777,4,4345777,0,0,0
870,1,3,4.0,1,1,11.1333,0,1,,,,347742,4,4347742,0,0,0
871,0,3,26.0,0,0,7.8958,0,1,,,,349248,4,4349248,0,0,0
872,1,1,47.0,1,1,52.5542,1,0,,,,11751,4,411751,4,35,435
873,0,1,33.0,0,0,5.0,0,1,,,,695,4,4695,222,515355,222515355
874,0,3,47.0,0,0,9.0,0,1,,,,345765,4,4345765,0,0,0
875,1,2,28.0,1,0,24.0,1,0,,,,3381,33,333381,0,0,0
876,1,3,15.0,0,0,7.225,1,0,,,,2667,4,42667,0,0,0
877,0,3,20.0,0,0,9.8458,0,1,,,,7534,4,47534,0,0,0
878,0,3,19.0,0,0,7.8958,0,1,,,,349212,4,4349212,0,0,0
879,0,3,29.0,0,0,7.8958,0,1,,,,349217,4,4349217,0,0,0
880,1,1,56.0,0,1,83.1583,1,0,,,,11767,4,411767,3,50,350
881,1,2,25.0,0,1,26.0,1,0,,,,230433,4,4230433,0,0,0
882,0,3,33.0,0,0,7.8958,0,1,,,,349257,4,4349257,0,0,0
883,0,3,22.0,0,0,10.5167,1,0,,,,7552,4,47552,0,0,0
884,0,2,28.0,0,0,10.5,0,1,,,,34068,44,4434068,0,0,0
885,0,3,25.0,0,0,7.05,0,1,,,,392076,17,17392076,0,0,0
886,0,3,39.0,0,5,29.125,1,0,,,,382652,4,4382652,0,0,0
887,0,2,27.0,0,0,13.0,0,1,,,,211536,4,4211536,0,0,0
888,1,1,19.0,0,0,30.0,1,0,,,,112053,4,4112053,2,42,242
889,0,3,29.0,1,2,23.45,1,0,,,,6607,16,166607,0,0,0
890,1,1,26.0,0,0,30.0,0,1,,,,111369,4,4111369,3,148,3148
891,0,3,32.0,0,0,7.75,0,1,,,,370376,4,4370376,0,0,0
